recipe_id,name,cuisine,ingredients,instructions
1,Chicken Curry,Indian,"chicken,onion,spices",Cook slowly for 30 minutes
2,Pasta Carbonara,Italian,"pasta,egg,cheese",Boil pasta and mix ingredients
3,Beef Stew,British,"beef,potato,carrot",Cook for 2 hours
4,Vegetable Stir Fry,Chinese,"vegetables,soy sauce",Stir fry on high heat
5,Tomato Soup,American,"tomato,onion,cream",Blend and simmer
6,Recipe 6,French,"beans,corn,tomato",Cook slowly for 30 minutes
7,Recipe 7,Japanese,"chicken,onion,spices",Boil and mix ingredients
8,Recipe 8,Thai,"beef,potato,carrot",Simmer for 45 minutes
9,Recipe 9,Mediterranean,"pasta,cheese,cream",Stir fry on high heat
10,Recipe 10,Indian,"rice,vegetables,soy sauce",Bake until golden
11,Recipe 11,Italian,"tomato,onion,garlic",Blend and simmer
12,Recipe 12,British,"fish,lemon,herbs",Cook slowly for 30 minutes
13,Recipe 13,Chinese,"beans,corn,tomato",Boil and mix ingredients
14,Recipe 14,American,"chicken,onion,spices",Simmer for 45 minutes
15,Recipe 15,Mexican,"beef,potato,carrot",Stir fry on high heat
16,Recipe 16,French,"pasta,cheese,cream",Bake until golden
17,Recipe 17,Japanese,"rice,vegetables,soy sauce",Blend and simmer
18,Recipe 18,Thai,"tomato,onion,garlic",Cook slowly for 30 minutes
19,Recipe 19,Mediterranean,"fish,lemon,herbs",Boil and mix ingredients
20,Recipe 20,Indian,"beans,corn,tomato",Simmer for 45 minutes
21,Recipe 21,Italian,"chicken,onion,spices",Stir fry on high heat
22,Recipe 22,British,"beef,potato,carrot",Bake until golden
23,Recipe 23,Chinese,"pasta,cheese,cream",Blend and simmer
24,Recipe 24,American,"rice,vegetables,soy sauce",Cook slowly for 30 minutes
25,Recipe 25,Mexican,"tomato,onion,garlic",Boil and mix ingredients
26,Recipe 26,French,"fish,lemon,herbs",Simmer for 45 minutes
27,Recipe 27,Japanese,"beans,corn,tomato",Stir fry on high heat
28,Recipe 28,Thai,"chicken,onion,spices",Bake until golden
29,Recipe 29,Mediterranean,"beef,potato,carrot",Blend and simmer
30,Recipe 30,Indian,"pasta,cheese,cream",Cook slowly for 30 minutes
31,Recipe 31,Italian,"rice,vegetables,soy sauce",Boil and mix ingredients
32,Recipe 32,British,"tomato,onion,garlic",Simmer for 45 minutes
33,Recipe 33,Chinese,"fish,lemon,herbs",Stir fry on high heat
34,Recipe 34,American,"beans,corn,tomato",Bake until golden
35,Recipe 35,Mexican,"chicken,onion,spices",Blend and simmer
36,Recipe 36,French,"beef,potato,carrot",Cook slowly for 30 minutes
37,Recipe 37,Japanese,"pasta,cheese,cream",Boil and mix ingredients
38,Recipe 38,Thai,"rice,vegetables,soy sauce",Simmer for 45 minutes
39,Recipe 39,Mediterranean,"tomato,onion,garlic",Stir fry on high heat
40,Recipe 40,Indian,"fish,lemon,herbs",Bake until golden
41,Recipe 41,Italian,"beans,corn,tomato",Blend and simmer
42,Recipe 42,British,"chicken,onion,spices",Cook slowly for 30 minutes
43,Recipe 43,Chinese,"beef,potato,carrot",Boil and mix ingredients
44,Recipe 44,American,"pasta,cheese,cream",Simmer for 45 minutes
45,Recipe 45,Mexican,"rice,vegetables,soy sauce",Stir fry on high heat
46,Recipe 46,French,"tomato,onion,garlic",Bake until golden
47,Recipe 47,Japanese,"fish,lemon,herbs",Blend and simmer
48,Recipe 48,Thai,"beans,corn,tomato",Cook slowly for 30 minutes
49,Recipe 49,Mediterranean,"chicken,onion,spices",Boil and mix ingredients
50,Recipe 50,Indian,"beef,potato,carrot",Simmer for 45 minutes
51,Recipe 51,Italian,"pasta,cheese,cream",Stir fry on high heat
52,Recipe 52,British,"rice,vegetables,soy sauce",Bake until golden
53,Recipe 53,Chinese,"tomato,onion,garlic",Blend and simmer
54,Recipe 54,American,"fish,lemon,herbs",Cook slowly for 30 minutes
55,Recipe 55,Mexican,"beans,corn,tomato",Boil and mix ingredients
56,Recipe 56,French,"chicken,onion,spices",Simmer for 45 minutes
57,Recipe 57,Japanese,"beef,potato,carrot",Stir fry on high heat
58,Recipe 58,Thai,"pasta,cheese,cream",Bake until golden
59,Recipe 59,Mediterranean,"rice,vegetables,soy sauce",Blend and simmer
60,Recipe 60,Indian,"tomato,onion,garlic",Cook slowly for 30 minutes
61,Recipe 61,Italian,"fish,lemon,herbs",Boil and mix ingredients
62,Recipe 62,British,"beans,corn,tomato",Simmer for 45 minutes
63,Recipe 63,Chinese,"chicken,onion,spices",Stir fry on high heat
64,Recipe 64,American,"beef,potato,carrot",Bake until golden
65,Recipe 65,Mexican,"pasta,cheese,cream",Blend and simmer
66,Recipe 66,French,"rice,vegetables,soy sauce",Cook slowly for 30 minutes
67,Recipe 67,Japanese,"tomato,onion,garlic",Boil and mix ingredients
68,Recipe 68,Thai,"fish,lemon,herbs",Simmer for 45 minutes
69,Recipe 69,Mediterranean,"beans,corn,tomato",Stir fry on high heat
70,Recipe 70,Indian,"chicken,onion,spices",Bake until golden
71,Recipe 71,Italian,"beef,potato,carrot",Blend and simmer
72,Recipe 72,British,"pasta,cheese,cream",Cook slowly for 30 minutes
73,Recipe 73,Chinese,"rice,vegetables,soy sauce",Boil and mix ingredients
74,Recipe 74,American,"tomato,onion,garlic",Simmer for 45 minutes
75,Recipe 75,Mexican,"fish,lemon,herbs",Stir fry on high heat
76,Recipe 76,French,"beans,corn,tomato",Bake until golden
77,Recipe 77,Japanese,"chicken,onion,spices",Blend and simmer
78,Recipe 78,Thai,"beef,potato,carrot",Cook slowly for 30 minutes
79,Recipe 79,Mediterranean,"pasta,cheese,cream",Boil and mix ingredients
80,Recipe 80,Indian,"rice,vegetables,soy sauce",Simmer for 45 minutes
81,Recipe 81,Italian,"tomato,onion,garlic",Stir fry on high heat
82,Recipe 82,British,"fish,lemon,herbs",Bake until golden
83,Recipe 83,Chinese,"beans,corn,tomato",Blend and simmer
84,Recipe 84,American,"chicken,onion,spices",Cook slowly for 30 minutes
85,Recipe 85,Mexican,"beef,potato,carrot",Boil and mix ingredients
86,Recipe 86,French,"pasta,cheese,cream",Simmer for 45 minutes
87,Recipe 87,Japanese,"rice,vegetables,soy sauce",Stir fry on high heat
88,Recipe 88,Thai,"tomato,onion,garlic",Bake until golden
89,Recipe 89,Mediterranean,"fish,lemon,herbs",Blend and simmer
90,Recipe 90,Indian,"beans,corn,tomato",Cook slowly for 30 minutes
91,Recipe 91,Italian,"chicken,onion,spices",Boil and mix ingredients
92,Recipe 92,British,"beef,potato,carrot",Simmer for 45 minutes
93,Recipe 93,Chinese,"pasta,cheese,cream",Stir fry on high heat
94,Recipe 94,American,"rice,vegetables,soy sauce",Bake until golden
95,Recipe 95,Mexican,"tomato,onion,garlic",Blend and simmer
96,Recipe 96,French,"fish,lemon,herbs",Cook slowly for 30 minutes
97,Recipe 97,Japanese,"beans,corn,tomato",Boil and mix ingredients
98,Recipe 98,Thai,"chicken,onion,spices",Simmer for 45 minutes
99,Recipe 99,Mediterranean,"beef,potato,carrot",Stir fry on high heat
100,Recipe 100,Indian,"pasta,cheese,cream",Bake until golden
101,Recipe 101,Italian,"rice,vegetables,soy sauce",Blend and simmer
102,Recipe 102,British,"tomato,onion,garlic",Cook slowly for 30 minutes
103,Recipe 103,Chinese,"fish,lemon,herbs",Boil and mix ingredients
104,Recipe 104,American,"beans,corn,tomato",Simmer for 45 minutes
105,Recipe 105,Mexican,"chicken,onion,spices",Stir fry on high heat
106,Recipe 106,French,"beef,potato,carrot",Bake until golden
107,Recipe 107,Japanese,"pasta,cheese,cream",Blend and simmer
108,Recipe 108,Thai,"rice,vegetables,soy sauce",Cook slowly for 30 minutes
109,Recipe 109,Mediterranean,"tomato,onion,garlic",Boil and mix ingredients
110,Recipe 110,Indian,"fish,lemon,herbs",Simmer for 45 minutes
111,Recipe 111,Italian,"beans,corn,tomato",Stir fry on high heat
112,Recipe 112,British,"chicken,onion,spices",Bake until golden
113,Recipe 113,Chinese,"beef,potato,carrot",Blend and simmer
114,Recipe 114,American,"pasta,cheese,cream",Cook slowly for 30 minutes
115,Recipe 115,Mexican,"rice,vegetables,soy sauce",Boil and mix ingredients
116,Recipe 116,French,"tomato,onion,garlic",Simmer for 45 minutes
117,Recipe 117,Japanese,"fish,lemon,herbs",Stir fry on high heat
118,Recipe 118,Thai,"beans,corn,tomato",Bake until golden
119,Recipe 119,Mediterranean,"chicken,onion,spices",Blend and simmer
120,Recipe 120,Indian,"beef,potato,carrot",Cook slowly for 30 minutes
121,Recipe 121,Italian,"pasta,cheese,cream",Boil and mix ingredients
122,Recipe 122,British,"rice,vegetables,soy sauce",Simmer for 45 minutes
123,Recipe 123,Chinese,"tomato,onion,garlic",Stir fry on high heat
124,Recipe 124,American,"fish,lemon,herbs",Bake until golden
125,Recipe 125,Mexican,"beans,corn,tomato",Blend and simmer
126,Recipe 126,French,"chicken,onion,spices",Cook slowly for 30 minutes
127,Recipe 127,Japanese,"beef,potato,carrot",Boil and mix ingredients
128,Recipe 128,Thai,"pasta,cheese,cream",Simmer for 45 minutes
129,Recipe 129,Mediterranean,"rice,vegetables,soy sauce",Stir fry on high heat
130,Recipe 130,Indian,"tomato,onion,garlic",Bake until golden
131,Recipe 131,Italian,"fish,lemon,herbs",Blend and simmer
132,Recipe 132,British,"beans,corn,tomato",Cook slowly for 30 minutes
133,Recipe 133,Chinese,"chicken,onion,spices",Boil and mix ingredients
134,Recipe 134,American,"beef,potato,carrot",Simmer for 45 minutes
135,Recipe 135,Mexican,"pasta,cheese,cream",Stir fry on high heat
136,Recipe 136,French,"rice,vegetables,soy sauce",Bake until golden
137,Recipe 137,Japanese,"tomato,onion,garlic",Blend and simmer
138,Recipe 138,Thai,"fish,lemon,herbs",Cook slowly for 30 minutes
139,Recipe 139,Mediterranean,"beans,corn,tomato",Boil and mix ingredients
140,Recipe 140,Indian,"chicken,onion,spices",Simmer for 45 minutes
141,Recipe 141,Italian,"beef,potato,carrot",Stir fry on high heat
142,Recipe 142,British,"pasta,cheese,cream",Bake until golden
143,Recipe 143,Chinese,"rice,vegetables,soy sauce",Blend and simmer
144,Recipe 144,American,"tomato,onion,garlic",Cook slowly for 30 minutes
145,Recipe 145,Mexican,"fish,lemon,herbs",Boil and mix ingredients
146,Recipe 146,French,"beans,corn,tomato",Simmer for 45 minutes
147,Recipe 147,Japanese,"chicken,onion,spices",Stir fry on high heat
148,Recipe 148,Thai,"beef,potato,carrot",Bake until golden
149,Recipe 149,Mediterranean,"pasta,cheese,cream",Blend and simmer
150,Recipe 150,Indian,"rice,vegetables,soy sauce",Cook slowly for 30 minutes
151,Recipe 151,Italian,"tomato,onion,garlic",Boil and mix ingredients
152,Recipe 152,British,"fish,lemon,herbs",Simmer for 45 minutes
153,Recipe 153,Chinese,"beans,corn,tomato",Stir fry on high heat
154,Recipe 154,American,"chicken,onion,spices",Bake until golden
155,Recipe 155,Mexican,"beef,potato,carrot",Blend and simmer
156,Recipe 156,French,"pasta,cheese,cream",Cook slowly for 30 minutes
157,Recipe 157,Japanese,"rice,vegetables,soy sauce",Boil and mix ingredients
158,Recipe 158,Thai,"tomato,onion,garlic",Simmer for 45 minutes
159,Recipe 159,Mediterranean,"fish,lemon,herbs",Stir fry on high heat
160,Recipe 160,Indian,"beans,corn,tomato",Bake until golden
161,Recipe 161,Italian,"chicken,onion,spices",Blend and simmer
162,Recipe 162,British,"beef,potato,carrot",Cook slowly for 30 minutes
163,Recipe 163,Chinese,"pasta,cheese,cream",Boil and mix ingredients
164,Recipe 164,American,"rice,vegetables,soy sauce",Simmer for 45 minutes
165,Recipe 165,Mexican,"tomato,onion,garlic",Stir fry on high heat
166,Recipe 166,French,"fish,lemon,herbs",Bake until golden
167,Recipe 167,Japanese,"beans,corn,tomato",Blend and simmer
168,Recipe 168,Thai,"chicken,onion,spices",Cook slowly for 30 minutes
169,Recipe 169,Mediterranean,"beef,potato,carrot",Boil and mix ingredients
170,Recipe 170,Indian,"pasta,cheese,cream",Simmer for 45 minutes
171,Recipe 171,Italian,"rice,vegetables,soy sauce",Stir fry on high heat
172,Recipe 172,British,"tomato,onion,garlic",Bake until golden
173,Recipe 173,Chinese,"fish,lemon,herbs",Blend and simmer
174,Recipe 174,American,"beans,corn,tomato",Cook slowly for 30 minutes
175,Recipe 175,Mexican,"chicken,onion,spices",Boil and mix ingredients
176,Recipe 176,French,"beef,potato,carrot",Simmer for 45 minutes
177,Recipe 177,Japanese,"pasta,cheese,cream",Stir fry on high heat
178,Recipe 178,Thai,"rice,vegetables,soy sauce",Bake until golden
179,Recipe 179,Mediterranean,"tomato,onion,garlic",Blend and simmer
180,Recipe 180,Indian,"fish,lemon,herbs",Cook slowly for 30 minutes
181,Recipe 181,Italian,"beans,corn,tomato",Boil and mix ingredients
182,Recipe 182,British,"chicken,onion,spices",Simmer for 45 minutes
183,Recipe 183,Chinese,"beef,potato,carrot",Stir fry on high heat
184,Recipe 184,American,"pasta,cheese,cream",Bake until golden
185,Recipe 185,Mexican,"rice,vegetables,soy sauce",Blend and simmer
186,Recipe 186,French,"tomato,onion,garlic",Cook slowly for 30 minutes
187,Recipe 187,Japanese,"fish,lemon,herbs",Boil and mix ingredients
188,Recipe 188,Thai,"beans,corn,tomato",Simmer for 45 minutes
189,Recipe 189,Mediterranean,"chicken,onion,spices",Stir fry on high heat
190,Recipe 190,Indian,"beef,potato,carrot",Bake until golden
191,Recipe 191,Italian,"pasta,cheese,cream",Blend and simmer
192,Recipe 192,British,"rice,vegetables,soy sauce",Cook slowly for 30 minutes
193,Recipe 193,Chinese,"tomato,onion,garlic",Boil and mix ingredients
194,Recipe 194,American,"fish,lemon,herbs",Simmer for 45 minutes
195,Recipe 195,Mexican,"beans,corn,tomato",Stir fry on high heat
196,Recipe 196,French,"chicken,onion,spices",Bake until golden
197,Recipe 197,Japanese,"beef,potato,carrot",Blend and simmer
198,Recipe 198,Thai,"pasta,cheese,cream",Cook slowly for 30 minutes
199,Recipe 199,Mediterranean,"rice,vegetables,soy sauce",Boil and mix ingredients
200,Recipe 200,Indian,"tomato,onion,garlic",Simmer for 45 minutes
201,Recipe 201,Italian,"fish,lemon,herbs",Stir fry on high heat
202,Recipe 202,British,"beans,corn,tomato",Bake until golden
203,Recipe 203,Chinese,"chicken,onion,spices",Blend and simmer
204,Recipe 204,American,"beef,potato,carrot",Cook slowly for 30 minutes
205,Recipe 205,Mexican,"pasta,cheese,cream",Boil and mix ingredients
206,Recipe 206,French,"rice,vegetables,soy sauce",Simmer for 45 minutes
207,Recipe 207,Japanese,"tomato,onion,garlic",Stir fry on high heat
208,Recipe 208,Thai,"fish,lemon,herbs",Bake until golden
209,Recipe 209,Mediterranean,"beans,corn,tomato",Blend and simmer
210,Recipe 210,Indian,"chicken,onion,spices",Cook slowly for 30 minutes
211,Recipe 211,Italian,"beef,potato,carrot",Boil and mix ingredients
212,Recipe 212,British,"pasta,cheese,cream",Simmer for 45 minutes
213,Recipe 213,Chinese,"rice,vegetables,soy sauce",Stir fry on high heat
214,Recipe 214,American,"tomato,onion,garlic",Bake until golden
215,Recipe 215,Mexican,"fish,lemon,herbs",Blend and simmer
216,Recipe 216,French,"beans,corn,tomato",Cook slowly for 30 minutes
217,Recipe 217,Japanese,"chicken,onion,spices",Boil and mix ingredients
218,Recipe 218,Thai,"beef,potato,carrot",Simmer for 45 minutes
219,Recipe 219,Mediterranean,"pasta,cheese,cream",Stir fry on high heat
220,Recipe 220,Indian,"rice,vegetables,soy sauce",Bake until golden
221,Recipe 221,Italian,"tomato,onion,garlic",Blend and simmer
222,Recipe 222,British,"fish,lemon,herbs",Cook slowly for 30 minutes
223,Recipe 223,Chinese,"beans,corn,tomato",Boil and mix ingredients
224,Recipe 224,American,"chicken,onion,spices",Simmer for 45 minutes
225,Recipe 225,Mexican,"beef,potato,carrot",Stir fry on high heat
226,Recipe 226,French,"pasta,cheese,cream",Bake until golden
227,Recipe 227,Japanese,"rice,vegetables,soy sauce",Blend and simmer
228,Recipe 228,Thai,"tomato,onion,garlic",Cook slowly for 30 minutes
229,Recipe 229,Mediterranean,"fish,lemon,herbs",Boil and mix ingredients
230,Recipe 230,Indian,"beans,corn,tomato",Simmer for 45 minutes
231,Recipe 231,Italian,"chicken,onion,spices",Stir fry on high heat
232,Recipe 232,British,"beef,potato,carrot",Bake until golden
233,Recipe 233,Chinese,"pasta,cheese,cream",Blend and simmer
234,Recipe 234,American,"rice,vegetables,soy sauce",Cook slowly for 30 minutes
235,Recipe 235,Mexican,"tomato,onion,garlic",Boil and mix ingredients
236,Recipe 236,French,"fish,lemon,herbs",Simmer for 45 minutes
237,Recipe 237,Japanese,"beans,corn,tomato",Stir fry on high heat
238,Recipe 238,Thai,"chicken,onion,spices",Bake until golden
239,Recipe 239,Mediterranean,"beef,potato,carrot",Blend and simmer
240,Recipe 240,Indian,"pasta,cheese,cream",Cook slowly for 30 minutes
241,Recipe 241,Italian,"rice,vegetables,soy sauce",Boil and mix ingredients
242,Recipe 242,British,"tomato,onion,garlic",Simmer for 45 minutes
243,Recipe 243,Chinese,"fish,lemon,herbs",Stir fry on high heat
244,Recipe 244,American,"beans,corn,tomato",Bake until golden
245,Recipe 245,Mexican,"chicken,onion,spices",Blend and simmer
246,Recipe 246,French,"beef,potato,carrot",Cook slowly for 30 minutes
247,Recipe 247,Japanese,"pasta,cheese,cream",Boil and mix ingredients
248,Recipe 248,Thai,"rice,vegetables,soy sauce",Simmer for 45 minutes
249,Recipe 249,Mediterranean,"tomato,onion,garlic",Stir fry on high heat
250,Recipe 250,Indian,"fish,lemon,herbs",Bake until golden
251,Recipe 251,Italian,"beans,corn,tomato",Blend and simmer
252,Recipe 252,British,"chicken,onion,spices",Cook slowly for 30 minutes
253,Recipe 253,Chinese,"beef,potato,carrot",Boil and mix ingredients
254,Recipe 254,American,"pasta,cheese,cream",Simmer for 45 minutes
255,Recipe 255,Mexican,"rice,vegetables,soy sauce",Stir fry on high heat
256,Recipe 256,French,"tomato,onion,garlic",Bake until golden
257,Recipe 257,Japanese,"fish,lemon,herbs",Blend and simmer
258,Recipe 258,Thai,"beans,corn,tomato",Cook slowly for 30 minutes
259,Recipe 259,Mediterranean,"chicken,onion,spices",Boil and mix ingredients
260,Recipe 260,Indian,"beef,potato,carrot",Simmer for 45 minutes
261,Recipe 261,Italian,"pasta,cheese,cream",Stir fry on high heat
262,Recipe 262,British,"rice,vegetables,soy sauce",Bake until golden
263,Recipe 263,Chinese,"tomato,onion,garlic",Blend and simmer
264,Recipe 264,American,"fish,lemon,herbs",Cook slowly for 30 minutes
265,Recipe 265,Mexican,"beans,corn,tomato",Boil and mix ingredients
266,Recipe 266,French,"chicken,onion,spices",Simmer for 45 minutes
267,Recipe 267,Japanese,"beef,potato,carrot",Stir fry on high heat
268,Recipe 268,Thai,"pasta,cheese,cream",Bake until golden
269,Recipe 269,Mediterranean,"rice,vegetables,soy sauce",Blend and simmer
270,Recipe 270,Indian,"tomato,onion,garlic",Cook slowly for 30 minutes
271,Recipe 271,Italian,"fish,lemon,herbs",Boil and mix ingredients
272,Recipe 272,British,"beans,corn,tomato",Simmer for 45 minutes
273,Recipe 273,Chinese,"chicken,onion,spices",Stir fry on high heat
274,Recipe 274,American,"beef,potato,carrot",Bake until golden
275,Recipe 275,Mexican,"pasta,cheese,cream",Blend and simmer
276,Recipe 276,French,"rice,vegetables,soy sauce",Cook slowly for 30 minutes
277,Recipe 277,Japanese,"tomato,onion,garlic",Boil and mix ingredients
278,Recipe 278,Thai,"fish,lemon,herbs",Simmer for 45 minutes
279,Recipe 279,Mediterranean,"beans,corn,tomato",Stir fry on high heat
280,Recipe 280,Indian,"chicken,onion,spices",Bake until golden
281,Recipe 281,Italian,"beef,potato,carrot",Blend and simmer
282,Recipe 282,British,"pasta,cheese,cream",Cook slowly for 30 minutes
283,Recipe 283,Chinese,"rice,vegetables,soy sauce",Boil and mix ingredients
284,Recipe 284,American,"tomato,onion,garlic",Simmer for 45 minutes
285,Recipe 285,Mexican,"fish,lemon,herbs",Stir fry on high heat
286,Recipe 286,French,"beans,corn,tomato",Bake until golden
287,Recipe 287,Japanese,"chicken,onion,spices",Blend and simmer
288,Recipe 288,Thai,"beef,potato,carrot",Cook slowly for 30 minutes
289,Recipe 289,Mediterranean,"pasta,cheese,cream",Boil and mix ingredients
290,Recipe 290,Indian,"rice,vegetables,soy sauce",Simmer for 45 minutes
291,Recipe 291,Italian,"tomato,onion,garlic",Stir fry on high heat
292,Recipe 292,British,"fish,lemon,herbs",Bake until golden
293,Recipe 293,Chinese,"beans,corn,tomato",Blend and simmer
294,Recipe 294,American,"chicken,onion,spices",Cook slowly for 30 minutes
295,Recipe 295,Mexican,"beef,potato,carrot",Boil and mix ingredients
296,Recipe 296,French,"pasta,cheese,cream",Simmer for 45 minutes
297,Recipe 297,Japanese,"rice,vegetables,soy sauce",Stir fry on high heat
298,Recipe 298,Thai,"tomato,onion,garlic",Bake until golden
299,Recipe 299,Mediterranean,"fish,lemon,herbs",Blend and simmer
300,Recipe 300,Indian,"beans,corn,tomato",Cook slowly for 30 minutes
301,Recipe 301,Italian,"chicken,onion,spices",Boil and mix ingredients
302,Recipe 302,British,"beef,potato,carrot",Simmer for 45 minutes
303,Recipe 303,Chinese,"pasta,cheese,cream",Stir fry on high heat
304,Recipe 304,American,"rice,vegetables,soy sauce",Bake until golden
305,Recipe 305,Mexican,"tomato,onion,garlic",Blend and simmer
306,Recipe 306,French,"fish,lemon,herbs",Cook slowly for 30 minutes
307,Recipe 307,Japanese,"beans,corn,tomato",Boil and mix ingredients
308,Recipe 308,Thai,"chicken,onion,spices",Simmer for 45 minutes
309,Recipe 309,Mediterranean,"beef,potato,carrot",Stir fry on high heat
310,Recipe 310,Indian,"pasta,cheese,cream",Bake until golden
311,Recipe 311,Italian,"rice,vegetables,soy sauce",Blend and simmer
312,Recipe 312,British,"tomato,onion,garlic",Cook slowly for 30 minutes
313,Recipe 313,Chinese,"fish,lemon,herbs",Boil and mix ingredients
314,Recipe 314,American,"beans,corn,tomato",Simmer for 45 minutes
315,Recipe 315,Mexican,"chicken,onion,spices",Stir fry on high heat
316,Recipe 316,French,"beef,potato,carrot",Bake until golden
317,Recipe 317,Japanese,"pasta,cheese,cream",Blend and simmer
318,Recipe 318,Thai,"rice,vegetables,soy sauce",Cook slowly for 30 minutes
319,Recipe 319,Mediterranean,"tomato,onion,garlic",Boil and mix ingredients
320,Recipe 320,Indian,"fish,lemon,herbs",Simmer for 45 minutes
321,Recipe 321,Italian,"beans,corn,tomato",Stir fry on high heat
322,Recipe 322,British,"chicken,onion,spices",Bake until golden
323,Recipe 323,Chinese,"beef,potato,carrot",Blend and simmer
324,Recipe 324,American,"pasta,cheese,cream",Cook slowly for 30 minutes
325,Recipe 325,Mexican,"rice,vegetables,soy sauce",Boil and mix ingredients
326,Recipe 326,French,"tomato,onion,garlic",Simmer for 45 minutes
327,Recipe 327,Japanese,"fish,lemon,herbs",Stir fry on high heat
328,Recipe 328,Thai,"beans,corn,tomato",Bake until golden
329,Recipe 329,Mediterranean,"chicken,onion,spices",Blend and simmer
330,Recipe 330,Indian,"beef,potato,carrot",Cook slowly for 30 minutes
331,Recipe 331,Italian,"pasta,cheese,cream",Boil and mix ingredients
332,Recipe 332,British,"rice,vegetables,soy sauce",Simmer for 45 minutes
333,Recipe 333,Chinese,"tomato,onion,garlic",Stir fry on high heat
334,Recipe 334,American,"fish,lemon,herbs",Bake until golden
335,Recipe 335,Mexican,"beans,corn,tomato",Blend and simmer
336,Recipe 336,French,"chicken,onion,spices",Cook slowly for 30 minutes
337,Recipe 337,Japanese,"beef,potato,carrot",Boil and mix ingredients
338,Recipe 338,Thai,"pasta,cheese,cream",Simmer for 45 minutes
339,Recipe 339,Mediterranean,"rice,vegetables,soy sauce",Stir fry on high heat
340,Recipe 340,Indian,"tomato,onion,garlic",Bake until golden
341,Recipe 341,Italian,"fish,lemon,herbs",Blend and simmer
342,Recipe 342,British,"beans,corn,tomato",Cook slowly for 30 minutes
343,Recipe 343,Chinese,"chicken,onion,spices",Boil and mix ingredients
344,Recipe 344,American,"beef,potato,carrot",Simmer for 45 minutes
345,Recipe 345,Mexican,"pasta,cheese,cream",Stir fry on high heat
346,Recipe 346,French,"rice,vegetables,soy sauce",Bake until golden
347,Recipe 347,Japanese,"tomato,onion,garlic",Blend and simmer
348,Recipe 348,Thai,"fish,lemon,herbs",Cook slowly for 30 minutes
349,Recipe 349,Mediterranean,"beans,corn,tomato",Boil and mix ingredients
350,Recipe 350,Indian,"chicken,onion,spices",Simmer for 45 minutes
351,Recipe 351,Italian,"beef,potato,carrot",Stir fry on high heat
352,Recipe 352,British,"pasta,cheese,cream",Bake until golden
353,Recipe 353,Chinese,"rice,vegetables,soy sauce",Blend and simmer
354,Recipe 354,American,"tomato,onion,garlic",Cook slowly for 30 minutes
355,Recipe 355,Mexican,"fish,lemon,herbs",Boil and mix ingredients
356,Recipe 356,French,"beans,corn,tomato",Simmer for 45 minutes
357,Recipe 357,Japanese,"chicken,onion,spices",Stir fry on high heat
358,Recipe 358,Thai,"beef,potato,carrot",Bake until golden
359,Recipe 359,Mediterranean,"pasta,cheese,cream",Blend and simmer
360,Recipe 360,Indian,"rice,vegetables,soy sauce",Cook slowly for 30 minutes
361,Recipe 361,Italian,"tomato,onion,garlic",Boil and mix ingredients
362,Recipe 362,British,"fish,lemon,herbs",Simmer for 45 minutes
363,Recipe 363,Chinese,"beans,corn,tomato",Stir fry on high heat
364,Recipe 364,American,"chicken,onion,spices",Bake until golden
365,Recipe 365,Mexican,"beef,potato,carrot",Blend and simmer
366,Recipe 366,French,"pasta,cheese,cream",Cook slowly for 30 minutes
367,Recipe 367,Japanese,"rice,vegetables,soy sauce",Boil and mix ingredients
368,Recipe 368,Thai,"tomato,onion,garlic",Simmer for 45 minutes
369,Recipe 369,Mediterranean,"fish,lemon,herbs",Stir fry on high heat
370,Recipe 370,Indian,"beans,corn,tomato",Bake until golden
371,Recipe 371,Italian,"chicken,onion,spices",Blend and simmer
372,Recipe 372,British,"beef,potato,carrot",Cook slowly for 30 minutes
373,Recipe 373,Chinese,"pasta,cheese,cream",Boil and mix ingredients
374,Recipe 374,American,"rice,vegetables,soy sauce",Simmer for 45 minutes
375,Recipe 375,Mexican,"tomato,onion,garlic",Stir fry on high heat
376,Recipe 376,French,"fish,lemon,herbs",Bake until golden
377,Recipe 377,Japanese,"beans,corn,tomato",Blend and simmer
378,Recipe 378,Thai,"chicken,onion,spices",Cook slowly for 30 minutes
379,Recipe 379,Mediterranean,"beef,potato,carrot",Boil and mix ingredients
380,Recipe 380,Indian,"pasta,cheese,cream",Simmer for 45 minutes
381,Recipe 381,Italian,"rice,vegetables,soy sauce",Stir fry on high heat
382,Recipe 382,British,"tomato,onion,garlic",Bake until golden
383,Recipe 383,Chinese,"fish,lemon,herbs",Blend and simmer
384,Recipe 384,American,"beans,corn,tomato",Cook slowly for 30 minutes
385,Recipe 385,Mexican,"chicken,onion,spices",Boil and mix ingredients
386,Recipe 386,French,"beef,potato,carrot",Simmer for 45 minutes
387,Recipe 387,Japanese,"pasta,cheese,cream",Stir fry on high heat
388,Recipe 388,Thai,"rice,vegetables,soy sauce",Bake until golden
389,Recipe 389,Mediterranean,"tomato,onion,garlic",Blend and simmer
390,Recipe 390,Indian,"fish,lemon,herbs",Cook slowly for 30 minutes
391,Recipe 391,Italian,"beans,corn,tomato",Boil and mix ingredients
392,Recipe 392,British,"chicken,onion,spices",Simmer for 45 minutes
393,Recipe 393,Chinese,"beef,potato,carrot",Stir fry on high heat
394,Recipe 394,American,"pasta,cheese,cream",Bake until golden
395,Recipe 395,Mexican,"rice,vegetables,soy sauce",Blend and simmer
396,Recipe 396,French,"tomato,onion,garlic",Cook slowly for 30 minutes
397,Recipe 397,Japanese,"fish,lemon,herbs",Boil and mix ingredients
398,Recipe 398,Thai,"beans,corn,tomato",Simmer for 45 minutes
399,Recipe 399,Mediterranean,"chicken,onion,spices",Stir fry on high heat
400,Recipe 400,Indian,"beef,potato,carrot",Bake until golden
401,Recipe 401,Italian,"pasta,cheese,cream",Blend and simmer
402,Recipe 402,British,"rice,vegetables,soy sauce",Cook slowly for 30 minutes
403,Recipe 403,Chinese,"tomato,onion,garlic",Boil and mix ingredients
404,Recipe 404,American,"fish,lemon,herbs",Simmer for 45 minutes
405,Recipe 405,Mexican,"beans,corn,tomato",Stir fry on high heat
406,Recipe 406,French,"chicken,onion,spices",Bake until golden
407,Recipe 407,Japanese,"beef,potato,carrot",Blend and simmer
408,Recipe 408,Thai,"pasta,cheese,cream",Cook slowly for 30 minutes
409,Recipe 409,Mediterranean,"rice,vegetables,soy sauce",Boil and mix ingredients
410,Recipe 410,Indian,"tomato,onion,garlic",Simmer for 45 minutes
411,Recipe 411,Italian,"fish,lemon,herbs",Stir fry on high heat
412,Recipe 412,British,"beans,corn,tomato",Bake until golden
413,Recipe 413,Chinese,"chicken,onion,spices",Blend and simmer
414,Recipe 414,American,"beef,potato,carrot",Cook slowly for 30 minutes
415,Recipe 415,Mexican,"pasta,cheese,cream",Boil and mix ingredients
416,Recipe 416,French,"rice,vegetables,soy sauce",Simmer for 45 minutes
417,Recipe 417,Japanese,"tomato,onion,garlic",Stir fry on high heat
418,Recipe 418,Thai,"fish,lemon,herbs",Bake until golden
419,Recipe 419,Mediterranean,"beans,corn,tomato",Blend and simmer
420,Recipe 420,Indian,"chicken,onion,spices",Cook slowly for 30 minutes
421,Recipe 421,Italian,"beef,potato,carrot",Boil and mix ingredients
422,Recipe 422,British,"pasta,cheese,cream",Simmer for 45 minutes
423,Recipe 423,Chinese,"rice,vegetables,soy sauce",Stir fry on high heat
424,Recipe 424,American,"tomato,onion,garlic",Bake until golden
425,Recipe 425,Mexican,"fish,lemon,herbs",Blend and simmer
426,Recipe 426,French,"beans,corn,tomato",Cook slowly for 30 minutes
427,Recipe 427,Japanese,"chicken,onion,spices",Boil and mix ingredients
428,Recipe 428,Thai,"beef,potato,carrot",Simmer for 45 minutes
429,Recipe 429,Mediterranean,"pasta,cheese,cream",Stir fry on high heat
430,Recipe 430,Indian,"rice,vegetables,soy sauce",Bake until golden
431,Recipe 431,Italian,"tomato,onion,garlic",Blend and simmer
432,Recipe 432,British,"fish,lemon,herbs",Cook slowly for 30 minutes
433,Recipe 433,Chinese,"beans,corn,tomato",Boil and mix ingredients
434,Recipe 434,American,"chicken,onion,spices",Simmer for 45 minutes
435,Recipe 435,Mexican,"beef,potato,carrot",Stir fry on high heat
436,Recipe 436,French,"pasta,cheese,cream",Bake until golden
437,Recipe 437,Japanese,"rice,vegetables,soy sauce",Blend and simmer
438,Recipe 438,Thai,"tomato,onion,garlic",Cook slowly for 30 minutes
439,Recipe 439,Mediterranean,"fish,lemon,herbs",Boil and mix ingredients
440,Recipe 440,Indian,"beans,corn,tomato",Simmer for 45 minutes
441,Recipe 441,Italian,"chicken,onion,spices",Stir fry on high heat
442,Recipe 442,British,"beef,potato,carrot",Bake until golden
443,Recipe 443,Chinese,"pasta,cheese,cream",Blend and simmer
444,Recipe 444,American,"rice,vegetables,soy sauce",Cook slowly for 30 minutes
445,Recipe 445,Mexican,"tomato,onion,garlic",Boil and mix ingredients
446,Recipe 446,French,"fish,lemon,herbs",Simmer for 45 minutes
447,Recipe 447,Japanese,"beans,corn,tomato",Stir fry on high heat
448,Recipe 448,Thai,"chicken,onion,spices",Bake until golden
449,Recipe 449,Mediterranean,"beef,potato,carrot",Blend and simmer
450,Recipe 450,Indian,"pasta,cheese,cream",Cook slowly for 30 minutes
451,Recipe 451,Italian,"rice,vegetables,soy sauce",Boil and mix ingredients
452,Recipe 452,British,"tomato,onion,garlic",Simmer for 45 minutes
453,Recipe 453,Chinese,"fish,lemon,herbs",Stir fry on high heat
454,Recipe 454,American,"beans,corn,tomato",Bake until golden
455,Recipe 455,Mexican,"chicken,onion,spices",Blend and simmer
456,Recipe 456,French,"beef,potato,carrot",Cook slowly for 30 minutes
457,Recipe 457,Japanese,"pasta,cheese,cream",Boil and mix ingredients
458,Recipe 458,Thai,"rice,vegetables,soy sauce",Simmer for 45 minutes
459,Recipe 459,Mediterranean,"tomato,onion,garlic",Stir fry on high heat
460,Recipe 460,Indian,"fish,lemon,herbs",Bake until golden
461,Recipe 461,Italian,"beans,corn,tomato",Blend and simmer
462,Recipe 462,British,"chicken,onion,spices",Cook slowly for 30 minutes
463,Recipe 463,Chinese,"beef,potato,carrot",Boil and mix ingredients
464,Recipe 464,American,"pasta,cheese,cream",Simmer for 45 minutes
465,Recipe 465,Mexican,"rice,vegetables,soy sauce",Stir fry on high heat
466,Recipe 466,French,"tomato,onion,garlic",Bake until golden
467,Recipe 467,Japanese,"fish,lemon,herbs",Blend and simmer
468,Recipe 468,Thai,"beans,corn,tomato",Cook slowly for 30 minutes
469,Recipe 469,Mediterranean,"chicken,onion,spices",Boil and mix ingredients
470,Recipe 470,Indian,"beef,potato,carrot",Simmer for 45 minutes
471,Recipe 471,Italian,"pasta,cheese,cream",Stir fry on high heat
472,Recipe 472,British,"rice,vegetables,soy sauce",Bake until golden
473,Recipe 473,Chinese,"tomato,onion,garlic",Blend and simmer
474,Recipe 474,American,"fish,lemon,herbs",Cook slowly for 30 minutes
475,Recipe 475,Mexican,"beans,corn,tomato",Boil and mix ingredients
476,Recipe 476,French,"chicken,onion,spices",Simmer for 45 minutes
477,Recipe 477,Japanese,"beef,potato,carrot",Stir fry on high heat
478,Recipe 478,Thai,"pasta,cheese,cream",Bake until golden
479,Recipe 479,Mediterranean,"rice,vegetables,soy sauce",Blend and simmer
480,Recipe 480,Indian,"tomato,onion,garlic",Cook slowly for 30 minutes
481,Recipe 481,Italian,"fish,lemon,herbs",Boil and mix ingredients
482,Recipe 482,British,"beans,corn,tomato",Simmer for 45 minutes
483,Recipe 483,Chinese,"chicken,onion,spices",Stir fry on high heat
484,Recipe 484,American,"beef,potato,carrot",Bake until golden
485,Recipe 485,Mexican,"pasta,cheese,cream",Blend and simmer
486,Recipe 486,French,"rice,vegetables,soy sauce",Cook slowly for 30 minutes
487,Recipe 487,Japanese,"tomato,onion,garlic",Boil and mix ingredients
488,Recipe 488,Thai,"fish,lemon,herbs",Simmer for 45 minutes
489,Recipe 489,Mediterranean,"beans,corn,tomato",Stir fry on high heat
490,Recipe 490,Indian,"chicken,onion,spices",Bake until golden
491,Recipe 491,Italian,"beef,potato,carrot",Blend and simmer
492,Recipe 492,British,"pasta,cheese,cream",Cook slowly for 30 minutes
493,Recipe 493,Chinese,"rice,vegetables,soy sauce",Boil and mix ingredients
494,Recipe 494,American,"tomato,onion,garlic",Simmer for 45 minutes
495,Recipe 495,Mexican,"fish,lemon,herbs",Stir fry on high heat
496,Recipe 496,French,"beans,corn,tomato",Bake until golden
497,Recipe 497,Japanese,"chicken,onion,spices",Blend and simmer
498,Recipe 498,Thai,"beef,potato,carrot",Cook slowly for 30 minutes
499,Recipe 499,Mediterranean,"pasta,cheese,cream",Boil and mix ingredients
500,Recipe 500,Indian,"rice,vegetables,soy sauce",Simmer for 45 minutes
501,Recipe 501,Italian,"tomato,onion,garlic",Stir fry on high heat
502,Recipe 502,British,"fish,lemon,herbs",Bake until golden
503,Recipe 503,Chinese,"beans,corn,tomato",Blend and simmer
504,Recipe 504,American,"chicken,onion,spices",Cook slowly for 30 minutes
505,Recipe 505,Mexican,"beef,potato,carrot",Boil and mix ingredients
506,Recipe 506,French,"pasta,cheese,cream",Simmer for 45 minutes
507,Recipe 507,Japanese,"rice,vegetables,soy sauce",Stir fry on high heat
508,Recipe 508,Thai,"tomato,onion,garlic",Bake until golden
509,Recipe 509,Mediterranean,"fish,lemon,herbs",Blend and simmer
510,Recipe 510,Indian,"beans,corn,tomato",Cook slowly for 30 minutes
511,Recipe 511,Italian,"chicken,onion,spices",Boil and mix ingredients
512,Recipe 512,British,"beef,potato,carrot",Simmer for 45 minutes
513,Recipe 513,Chinese,"pasta,cheese,cream",Stir fry on high heat
514,Recipe 514,American,"rice,vegetables,soy sauce",Bake until golden
515,Recipe 515,Mexican,"tomato,onion,garlic",Blend and simmer
516,Recipe 516,French,"fish,lemon,herbs",Cook slowly for 30 minutes
517,Recipe 517,Japanese,"beans,corn,tomato",Boil and mix ingredients
518,Recipe 518,Thai,"chicken,onion,spices",Simmer for 45 minutes
519,Recipe 519,Mediterranean,"beef,potato,carrot",Stir fry on high heat
520,Recipe 520,Indian,"pasta,cheese,cream",Bake until golden
521,Recipe 521,Italian,"rice,vegetables,soy sauce",Blend and simmer
522,Recipe 522,British,"tomato,onion,garlic",Cook slowly for 30 minutes
523,Recipe 523,Chinese,"fish,lemon,herbs",Boil and mix ingredients
524,Recipe 524,American,"beans,corn,tomato",Simmer for 45 minutes
525,Recipe 525,Mexican,"chicken,onion,spices",Stir fry on high heat
526,Recipe 526,French,"beef,potato,carrot",Bake until golden
527,Recipe 527,Japanese,"pasta,cheese,cream",Blend and simmer
528,Recipe 528,Thai,"rice,vegetables,soy sauce",Cook slowly for 30 minutes
529,Recipe 529,Mediterranean,"tomato,onion,garlic",Boil and mix ingredients
530,Recipe 530,Indian,"fish,lemon,herbs",Simmer for 45 minutes
531,Recipe 531,Italian,"beans,corn,tomato",Stir fry on high heat
532,Recipe 532,British,"chicken,onion,spices",Bake until golden
533,Recipe 533,Chinese,"beef,potato,carrot",Blend and simmer
534,Recipe 534,American,"pasta,cheese,cream",Cook slowly for 30 minutes
535,Recipe 535,Mexican,"rice,vegetables,soy sauce",Boil and mix ingredients
536,Recipe 536,French,"tomato,onion,garlic",Simmer for 45 minutes
537,Recipe 537,Japanese,"fish,lemon,herbs",Stir fry on high heat
538,Recipe 538,Thai,"beans,corn,tomato",Bake until golden
539,Recipe 539,Mediterranean,"chicken,onion,spices",Blend and simmer
540,Recipe 540,Indian,"beef,potato,carrot",Cook slowly for 30 minutes
541,Recipe 541,Italian,"pasta,cheese,cream",Boil and mix ingredients
542,Recipe 542,British,"rice,vegetables,soy sauce",Simmer for 45 minutes
543,Recipe 543,Chinese,"tomato,onion,garlic",Stir fry on high heat
544,Recipe 544,American,"fish,lemon,herbs",Bake until golden
545,Recipe 545,Mexican,"beans,corn,tomato",Blend and simmer
546,Recipe 546,French,"chicken,onion,spices",Cook slowly for 30 minutes
547,Recipe 547,Japanese,"beef,potato,carrot",Boil and mix ingredients
548,Recipe 548,Thai,"pasta,cheese,cream",Simmer for 45 minutes
549,Recipe 549,Mediterranean,"rice,vegetables,soy sauce",Stir fry on high heat
550,Recipe 550,Indian,"tomato,onion,garlic",Bake until golden
551,Recipe 551,Italian,"fish,lemon,herbs",Blend and simmer
552,Recipe 552,British,"beans,corn,tomato",Cook slowly for 30 minutes
553,Recipe 553,Chinese,"chicken,onion,spices",Boil and mix ingredients
554,Recipe 554,American,"beef,potato,carrot",Simmer for 45 minutes
555,Recipe 555,Mexican,"pasta,cheese,cream",Stir fry on high heat
556,Recipe 556,French,"rice,vegetables,soy sauce",Bake until golden
557,Recipe 557,Japanese,"tomato,onion,garlic",Blend and simmer
558,Recipe 558,Thai,"fish,lemon,herbs",Cook slowly for 30 minutes
559,Recipe 559,Mediterranean,"beans,corn,tomato",Boil and mix ingredients
560,Recipe 560,Indian,"chicken,onion,spices",Simmer for 45 minutes
561,Recipe 561,Italian,"beef,potato,carrot",Stir fry on high heat
562,Recipe 562,British,"pasta,cheese,cream",Bake until golden
563,Recipe 563,Chinese,"rice,vegetables,soy sauce",Blend and simmer
564,Recipe 564,American,"tomato,onion,garlic",Cook slowly for 30 minutes
565,Recipe 565,Mexican,"fish,lemon,herbs",Boil and mix ingredients
566,Recipe 566,French,"beans,corn,tomato",Simmer for 45 minutes
567,Recipe 567,Japanese,"chicken,onion,spices",Stir fry on high heat
568,Recipe 568,Thai,"beef,potato,carrot",Bake until golden
569,Recipe 569,Mediterranean,"pasta,cheese,cream",Blend and simmer
570,Recipe 570,Indian,"rice,vegetables,soy sauce",Cook slowly for 30 minutes
571,Recipe 571,Italian,"tomato,onion,garlic",Boil and mix ingredients
572,Recipe 572,British,"fish,lemon,herbs",Simmer for 45 minutes
573,Recipe 573,Chinese,"beans,corn,tomato",Stir fry on high heat
574,Recipe 574,American,"chicken,onion,spices",Bake until golden
575,Recipe 575,Mexican,"beef,potato,carrot",Blend and simmer
576,Recipe 576,French,"pasta,cheese,cream",Cook slowly for 30 minutes
577,Recipe 577,Japanese,"rice,vegetables,soy sauce",Boil and mix ingredients
578,Recipe 578,Thai,"tomato,onion,garlic",Simmer for 45 minutes
579,Recipe 579,Mediterranean,"fish,lemon,herbs",Stir fry on high heat
580,Recipe 580,Indian,"beans,corn,tomato",Bake until golden
581,Recipe 581,Italian,"chicken,onion,spices",Blend and simmer
582,Recipe 582,British,"beef,potato,carrot",Cook slowly for 30 minutes
583,Recipe 583,Chinese,"pasta,cheese,cream",Boil and mix ingredients
584,Recipe 584,American,"rice,vegetables,soy sauce",Simmer for 45 minutes
585,Recipe 585,Mexican,"tomato,onion,garlic",Stir fry on high heat
586,Recipe 586,French,"fish,lemon,herbs",Bake until golden
587,Recipe 587,Japanese,"beans,corn,tomato",Blend and simmer
588,Recipe 588,Thai,"chicken,onion,spices",Cook slowly for 30 minutes
589,Recipe 589,Mediterranean,"beef,potato,carrot",Boil and mix ingredients
590,Recipe 590,Indian,"pasta,cheese,cream",Simmer for 45 minutes
591,Recipe 591,Italian,"rice,vegetables,soy sauce",Stir fry on high heat
592,Recipe 592,British,"tomato,onion,garlic",Bake until golden
593,Recipe 593,Chinese,"fish,lemon,herbs",Blend and simmer
594,Recipe 594,American,"beans,corn,tomato",Cook slowly for 30 minutes
595,Recipe 595,Mexican,"chicken,onion,spices",Boil and mix ingredients
596,Recipe 596,French,"beef,potato,carrot",Simmer for 45 minutes
597,Recipe 597,Japanese,"pasta,cheese,cream",Stir fry on high heat
598,Recipe 598,Thai,"rice,vegetables,soy sauce",Bake until golden
599,Recipe 599,Mediterranean,"tomato,onion,garlic",Blend and simmer
600,Recipe 600,Indian,"fish,lemon,herbs",Cook slowly for 30 minutes
601,Recipe 601,Italian,"beans,corn,tomato",Boil and mix ingredients
602,Recipe 602,British,"chicken,onion,spices",Simmer for 45 minutes
603,Recipe 603,Chinese,"beef,potato,carrot",Stir fry on high heat
604,Recipe 604,American,"pasta,cheese,cream",Bake until golden
605,Recipe 605,Mexican,"rice,vegetables,soy sauce",Blend and simmer
606,Recipe 606,French,"tomato,onion,garlic",Cook slowly for 30 minutes
607,Recipe 607,Japanese,"fish,lemon,herbs",Boil and mix ingredients
608,Recipe 608,Thai,"beans,corn,tomato",Simmer for 45 minutes
609,Recipe 609,Mediterranean,"chicken,onion,spices",Stir fry on high heat
610,Recipe 610,Indian,"beef,potato,carrot",Bake until golden
611,Recipe 611,Italian,"pasta,cheese,cream",Blend and simmer
612,Recipe 612,British,"rice,vegetables,soy sauce",Cook slowly for 30 minutes
613,Recipe 613,Chinese,"tomato,onion,garlic",Boil and mix ingredients
614,Recipe 614,American,"fish,lemon,herbs",Simmer for 45 minutes
615,Recipe 615,Mexican,"beans,corn,tomato",Stir fry on high heat
616,Recipe 616,French,"chicken,onion,spices",Bake until golden
617,Recipe 617,Japanese,"beef,potato,carrot",Blend and simmer
618,Recipe 618,Thai,"pasta,cheese,cream",Cook slowly for 30 minutes
619,Recipe 619,Mediterranean,"rice,vegetables,soy sauce",Boil and mix ingredients
620,Recipe 620,Indian,"tomato,onion,garlic",Simmer for 45 minutes
621,Recipe 621,Italian,"fish,lemon,herbs",Stir fry on high heat
622,Recipe 622,British,"beans,corn,tomato",Bake until golden
623,Recipe 623,Chinese,"chicken,onion,spices",Blend and simmer
624,Recipe 624,American,"beef,potato,carrot",Cook slowly for 30 minutes
625,Recipe 625,Mexican,"pasta,cheese,cream",Boil and mix ingredients
626,Recipe 626,French,"rice,vegetables,soy sauce",Simmer for 45 minutes
627,Recipe 627,Japanese,"tomato,onion,garlic",Stir fry on high heat
628,Recipe 628,Thai,"fish,lemon,herbs",Bake until golden
629,Recipe 629,Mediterranean,"beans,corn,tomato",Blend and simmer
630,Recipe 630,Indian,"chicken,onion,spices",Cook slowly for 30 minutes
631,Recipe 631,Italian,"beef,potato,carrot",Boil and mix ingredients
632,Recipe 632,British,"pasta,cheese,cream",Simmer for 45 minutes
633,Recipe 633,Chinese,"rice,vegetables,soy sauce",Stir fry on high heat
634,Recipe 634,American,"tomato,onion,garlic",Bake until golden
635,Recipe 635,Mexican,"fish,lemon,herbs",Blend and simmer
636,Recipe 636,French,"beans,corn,tomato",Cook slowly for 30 minutes
637,Recipe 637,Japanese,"chicken,onion,spices",Boil and mix ingredients
638,Recipe 638,Thai,"beef,potato,carrot",Simmer for 45 minutes
639,Recipe 639,Mediterranean,"pasta,cheese,cream",Stir fry on high heat
640,Recipe 640,Indian,"rice,vegetables,soy sauce",Bake until golden
641,Recipe 641,Italian,"tomato,onion,garlic",Blend and simmer
642,Recipe 642,British,"fish,lemon,herbs",Cook slowly for 30 minutes
643,Recipe 643,Chinese,"beans,corn,tomato",Boil and mix ingredients
644,Recipe 644,American,"chicken,onion,spices",Simmer for 45 minutes
645,Recipe 645,Mexican,"beef,potato,carrot",Stir fry on high heat
646,Recipe 646,French,"pasta,cheese,cream",Bake until golden
647,Recipe 647,Japanese,"rice,vegetables,soy sauce",Blend and simmer
648,Recipe 648,Thai,"tomato,onion,garlic",Cook slowly for 30 minutes
649,Recipe 649,Mediterranean,"fish,lemon,herbs",Boil and mix ingredients
650,Recipe 650,Indian,"beans,corn,tomato",Simmer for 45 minutes
651,Recipe 651,Italian,"chicken,onion,spices",Stir fry on high heat
652,Recipe 652,British,"beef,potato,carrot",Bake until golden
653,Recipe 653,Chinese,"pasta,cheese,cream",Blend and simmer
654,Recipe 654,American,"rice,vegetables,soy sauce",Cook slowly for 30 minutes
655,Recipe 655,Mexican,"tomato,onion,garlic",Boil and mix ingredients
656,Recipe 656,French,"fish,lemon,herbs",Simmer for 45 minutes
657,Recipe 657,Japanese,"beans,corn,tomato",Stir fry on high heat
658,Recipe 658,Thai,"chicken,onion,spices",Bake until golden
659,Recipe 659,Mediterranean,"beef,potato,carrot",Blend and simmer
660,Recipe 660,Indian,"pasta,cheese,cream",Cook slowly for 30 minutes
661,Recipe 661,Italian,"rice,vegetables,soy sauce",Boil and mix ingredients
662,Recipe 662,British,"tomato,onion,garlic",Simmer for 45 minutes
663,Recipe 663,Chinese,"fish,lemon,herbs",Stir fry on high heat
664,Recipe 664,American,"beans,corn,tomato",Bake until golden
665,Recipe 665,Mexican,"chicken,onion,spices",Blend and simmer
666,Recipe 666,French,"beef,potato,carrot",Cook slowly for 30 minutes
667,Recipe 667,Japanese,"pasta,cheese,cream",Boil and mix ingredients
668,Recipe 668,Thai,"rice,vegetables,soy sauce",Simmer for 45 minutes
669,Recipe 669,Mediterranean,"tomato,onion,garlic",Stir fry on high heat
670,Recipe 670,Indian,"fish,lemon,herbs",Bake until golden
671,Recipe 671,Italian,"beans,corn,tomato",Blend and simmer
672,Recipe 672,British,"chicken,onion,spices",Cook slowly for 30 minutes
673,Recipe 673,Chinese,"beef,potato,carrot",Boil and mix ingredients
674,Recipe 674,American,"pasta,cheese,cream",Simmer for 45 minutes
675,Recipe 675,Mexican,"rice,vegetables,soy sauce",Stir fry on high heat
676,Recipe 676,French,"tomato,onion,garlic",Bake until golden
677,Recipe 677,Japanese,"fish,lemon,herbs",Blend and simmer
678,Recipe 678,Thai,"beans,corn,tomato",Cook slowly for 30 minutes
679,Recipe 679,Mediterranean,"chicken,onion,spices",Boil and mix ingredients
680,Recipe 680,Indian,"beef,potato,carrot",Simmer for 45 minutes
681,Recipe 681,Italian,"pasta,cheese,cream",Stir fry on high heat
682,Recipe 682,British,"rice,vegetables,soy sauce",Bake until golden
683,Recipe 683,Chinese,"tomato,onion,garlic",Blend and simmer
684,Recipe 684,American,"fish,lemon,herbs",Cook slowly for 30 minutes
685,Recipe 685,Mexican,"beans,corn,tomato",Boil and mix ingredients
686,Recipe 686,French,"chicken,onion,spices",Simmer for 45 minutes
687,Recipe 687,Japanese,"beef,potato,carrot",Stir fry on high heat
688,Recipe 688,Thai,"pasta,cheese,cream",Bake until golden
689,Recipe 689,Mediterranean,"rice,vegetables,soy sauce",Blend and simmer
690,Recipe 690,Indian,"tomato,onion,garlic",Cook slowly for 30 minutes
691,Recipe 691,Italian,"fish,lemon,herbs",Boil and mix ingredients
692,Recipe 692,British,"beans,corn,tomato",Simmer for 45 minutes
693,Recipe 693,Chinese,"chicken,onion,spices",Stir fry on high heat
694,Recipe 694,American,"beef,potato,carrot",Bake until golden
695,Recipe 695,Mexican,"pasta,cheese,cream",Blend and simmer
696,Recipe 696,French,"rice,vegetables,soy sauce",Cook slowly for 30 minutes
697,Recipe 697,Japanese,"tomato,onion,garlic",Boil and mix ingredients
698,Recipe 698,Thai,"fish,lemon,herbs",Simmer for 45 minutes
699,Recipe 699,Mediterranean,"beans,corn,tomato",Stir fry on high heat
700,Recipe 700,Indian,"chicken,onion,spices",Bake until golden
701,Recipe 701,Italian,"beef,potato,carrot",Blend and simmer
702,Recipe 702,British,"pasta,cheese,cream",Cook slowly for 30 minutes
703,Recipe 703,Chinese,"rice,vegetables,soy sauce",Boil and mix ingredients
704,Recipe 704,American,"tomato,onion,garlic",Simmer for 45 minutes
705,Recipe 705,Mexican,"fish,lemon,herbs",Stir fry on high heat
706,Recipe 706,French,"beans,corn,tomato",Bake until golden
707,Recipe 707,Japanese,"chicken,onion,spices",Blend and simmer
708,Recipe 708,Thai,"beef,potato,carrot",Cook slowly for 30 minutes
709,Recipe 709,Mediterranean,"pasta,cheese,cream",Boil and mix ingredients
710,Recipe 710,Indian,"rice,vegetables,soy sauce",Simmer for 45 minutes
711,Recipe 711,Italian,"tomato,onion,garlic",Stir fry on high heat
712,Recipe 712,British,"fish,lemon,herbs",Bake until golden
713,Recipe 713,Chinese,"beans,corn,tomato",Blend and simmer
714,Recipe 714,American,"chicken,onion,spices",Cook slowly for 30 minutes
715,Recipe 715,Mexican,"beef,potato,carrot",Boil and mix ingredients
716,Recipe 716,French,"pasta,cheese,cream",Simmer for 45 minutes
717,Recipe 717,Japanese,"rice,vegetables,soy sauce",Stir fry on high heat
718,Recipe 718,Thai,"tomato,onion,garlic",Bake until golden
719,Recipe 719,Mediterranean,"fish,lemon,herbs",Blend and simmer
720,Recipe 720,Indian,"beans,corn,tomato",Cook slowly for 30 minutes
721,Recipe 721,Italian,"chicken,onion,spices",Boil and mix ingredients
722,Recipe 722,British,"beef,potato,carrot",Simmer for 45 minutes
723,Recipe 723,Chinese,"pasta,cheese,cream",Stir fry on high heat
724,Recipe 724,American,"rice,vegetables,soy sauce",Bake until golden
725,Recipe 725,Mexican,"tomato,onion,garlic",Blend and simmer
726,Recipe 726,French,"fish,lemon,herbs",Cook slowly for 30 minutes
727,Recipe 727,Japanese,"beans,corn,tomato",Boil and mix ingredients
728,Recipe 728,Thai,"chicken,onion,spices",Simmer for 45 minutes
729,Recipe 729,Mediterranean,"beef,potato,carrot",Stir fry on high heat
730,Recipe 730,Indian,"pasta,cheese,cream",Bake until golden
731,Recipe 731,Italian,"rice,vegetables,soy sauce",Blend and simmer
732,Recipe 732,British,"tomato,onion,garlic",Cook slowly for 30 minutes
733,Recipe 733,Chinese,"fish,lemon,herbs",Boil and mix ingredients
734,Recipe 734,American,"beans,corn,tomato",Simmer for 45 minutes
735,Recipe 735,Mexican,"chicken,onion,spices",Stir fry on high heat
736,Recipe 736,French,"beef,potato,carrot",Bake until golden
737,Recipe 737,Japanese,"pasta,cheese,cream",Blend and simmer
738,Recipe 738,Thai,"rice,vegetables,soy sauce",Cook slowly for 30 minutes
739,Recipe 739,Mediterranean,"tomato,onion,garlic",Boil and mix ingredients
740,Recipe 740,Indian,"fish,lemon,herbs",Simmer for 45 minutes
741,Recipe 741,Italian,"beans,corn,tomato",Stir fry on high heat
742,Recipe 742,British,"chicken,onion,spices",Bake until golden
743,Recipe 743,Chinese,"beef,potato,carrot",Blend and simmer
744,Recipe 744,American,"pasta,cheese,cream",Cook slowly for 30 minutes
745,Recipe 745,Mexican,"rice,vegetables,soy sauce",Boil and mix ingredients
746,Recipe 746,French,"tomato,onion,garlic",Simmer for 45 minutes
747,Recipe 747,Japanese,"fish,lemon,herbs",Stir fry on high heat
748,Recipe 748,Thai,"beans,corn,tomato",Bake until golden
749,Recipe 749,Mediterranean,"chicken,onion,spices",Blend and simmer
750,Recipe 750,Indian,"beef,potato,carrot",Cook slowly for 30 minutes
751,Recipe 751,Italian,"pasta,cheese,cream",Boil and mix ingredients
752,Recipe 752,British,"rice,vegetables,soy sauce",Simmer for 45 minutes
753,Recipe 753,Chinese,"tomato,onion,garlic",Stir fry on high heat
754,Recipe 754,American,"fish,lemon,herbs",Bake until golden
755,Recipe 755,Mexican,"beans,corn,tomato",Blend and simmer
756,Recipe 756,French,"chicken,onion,spices",Cook slowly for 30 minutes
757,Recipe 757,Japanese,"beef,potato,carrot",Boil and mix ingredients
758,Recipe 758,Thai,"pasta,cheese,cream",Simmer for 45 minutes
759,Recipe 759,Mediterranean,"rice,vegetables,soy sauce",Stir fry on high heat
760,Recipe 760,Indian,"tomato,onion,garlic",Bake until golden
761,Recipe 761,Italian,"fish,lemon,herbs",Blend and simmer
762,Recipe 762,British,"beans,corn,tomato",Cook slowly for 30 minutes
763,Recipe 763,Chinese,"chicken,onion,spices",Boil and mix ingredients
764,Recipe 764,American,"beef,potato,carrot",Simmer for 45 minutes
765,Recipe 765,Mexican,"pasta,cheese,cream",Stir fry on high heat
766,Recipe 766,French,"rice,vegetables,soy sauce",Bake until golden
767,Recipe 767,Japanese,"tomato,onion,garlic",Blend and simmer
768,Recipe 768,Thai,"fish,lemon,herbs",Cook slowly for 30 minutes
769,Recipe 769,Mediterranean,"beans,corn,tomato",Boil and mix ingredients
770,Recipe 770,Indian,"chicken,onion,spices",Simmer for 45 minutes
771,Recipe 771,Italian,"beef,potato,carrot",Stir fry on high heat
772,Recipe 772,British,"pasta,cheese,cream",Bake until golden
773,Recipe 773,Chinese,"rice,vegetables,soy sauce",Blend and simmer
774,Recipe 774,American,"tomato,onion,garlic",Cook slowly for 30 minutes
775,Recipe 775,Mexican,"fish,lemon,herbs",Boil and mix ingredients
776,Recipe 776,French,"beans,corn,tomato",Simmer for 45 minutes
777,Recipe 777,Japanese,"chicken,onion,spices",Stir fry on high heat
778,Recipe 778,Thai,"beef,potato,carrot",Bake until golden
779,Recipe 779,Mediterranean,"pasta,cheese,cream",Blend and simmer
780,Recipe 780,Indian,"rice,vegetables,soy sauce",Cook slowly for 30 minutes
781,Recipe 781,Italian,"tomato,onion,garlic",Boil and mix ingredients
782,Recipe 782,British,"fish,lemon,herbs",Simmer for 45 minutes
783,Recipe 783,Chinese,"beans,corn,tomato",Stir fry on high heat
784,Recipe 784,American,"chicken,onion,spices",Bake until golden
785,Recipe 785,Mexican,"beef,potato,carrot",Blend and simmer
786,Recipe 786,French,"pasta,cheese,cream",Cook slowly for 30 minutes
787,Recipe 787,Japanese,"rice,vegetables,soy sauce",Boil and mix ingredients
788,Recipe 788,Thai,"tomato,onion,garlic",Simmer for 45 minutes
789,Recipe 789,Mediterranean,"fish,lemon,herbs",Stir fry on high heat
790,Recipe 790,Indian,"beans,corn,tomato",Bake until golden
791,Recipe 791,Italian,"chicken,onion,spices",Blend and simmer
792,Recipe 792,British,"beef,potato,carrot",Cook slowly for 30 minutes
793,Recipe 793,Chinese,"pasta,cheese,cream",Boil and mix ingredients
794,Recipe 794,American,"rice,vegetables,soy sauce",Simmer for 45 minutes
795,Recipe 795,Mexican,"tomato,onion,garlic",Stir fry on high heat
796,Recipe 796,French,"fish,lemon,herbs",Bake until golden
797,Recipe 797,Japanese,"beans,corn,tomato",Blend and simmer
798,Recipe 798,Thai,"chicken,onion,spices",Cook slowly for 30 minutes
799,Recipe 799,Mediterranean,"beef,potato,carrot",Boil and mix ingredients
800,Recipe 800,Indian,"pasta,cheese,cream",Simmer for 45 minutes
801,Recipe 801,Italian,"rice,vegetables,soy sauce",Stir fry on high heat
802,Recipe 802,British,"tomato,onion,garlic",Bake until golden
803,Recipe 803,Chinese,"fish,lemon,herbs",Blend and simmer
804,Recipe 804,American,"beans,corn,tomato",Cook slowly for 30 minutes
805,Recipe 805,Mexican,"chicken,onion,spices",Boil and mix ingredients
806,Recipe 806,French,"beef,potato,carrot",Simmer for 45 minutes
807,Recipe 807,Japanese,"pasta,cheese,cream",Stir fry on high heat
808,Recipe 808,Thai,"rice,vegetables,soy sauce",Bake until golden
809,Recipe 809,Mediterranean,"tomato,onion,garlic",Blend and simmer
810,Recipe 810,Indian,"fish,lemon,herbs",Cook slowly for 30 minutes
811,Recipe 811,Italian,"beans,corn,tomato",Boil and mix ingredients
812,Recipe 812,British,"chicken,onion,spices",Simmer for 45 minutes
813,Recipe 813,Chinese,"beef,potato,carrot",Stir fry on high heat
814,Recipe 814,American,"pasta,cheese,cream",Bake until golden
815,Recipe 815,Mexican,"rice,vegetables,soy sauce",Blend and simmer
816,Recipe 816,French,"tomato,onion,garlic",Cook slowly for 30 minutes
817,Recipe 817,Japanese,"fish,lemon,herbs",Boil and mix ingredients
818,Recipe 818,Thai,"beans,corn,tomato",Simmer for 45 minutes
819,Recipe 819,Mediterranean,"chicken,onion,spices",Stir fry on high heat
820,Recipe 820,Indian,"beef,potato,carrot",Bake until golden
821,Recipe 821,Italian,"pasta,cheese,cream",Blend and simmer
822,Recipe 822,British,"rice,vegetables,soy sauce",Cook slowly for 30 minutes
823,Recipe 823,Chinese,"tomato,onion,garlic",Boil and mix ingredients
824,Recipe 824,American,"fish,lemon,herbs",Simmer for 45 minutes
825,Recipe 825,Mexican,"beans,corn,tomato",Stir fry on high heat
826,Recipe 826,French,"chicken,onion,spices",Bake until golden
827,Recipe 827,Japanese,"beef,potato,carrot",Blend and simmer
828,Recipe 828,Thai,"pasta,cheese,cream",Cook slowly for 30 minutes
829,Recipe 829,Mediterranean,"rice,vegetables,soy sauce",Boil and mix ingredients
830,Recipe 830,Indian,"tomato,onion,garlic",Simmer for 45 minutes
831,Recipe 831,Italian,"fish,lemon,herbs",Stir fry on high heat
832,Recipe 832,British,"beans,corn,tomato",Bake until golden
833,Recipe 833,Chinese,"chicken,onion,spices",Blend and simmer
834,Recipe 834,American,"beef,potato,carrot",Cook slowly for 30 minutes
835,Recipe 835,Mexican,"pasta,cheese,cream",Boil and mix ingredients
836,Recipe 836,French,"rice,vegetables,soy sauce",Simmer for 45 minutes
837,Recipe 837,Japanese,"tomato,onion,garlic",Stir fry on high heat
838,Recipe 838,Thai,"fish,lemon,herbs",Bake until golden
839,Recipe 839,Mediterranean,"beans,corn,tomato",Blend and simmer
840,Recipe 840,Indian,"chicken,onion,spices",Cook slowly for 30 minutes
841,Recipe 841,Italian,"beef,potato,carrot",Boil and mix ingredients
842,Recipe 842,British,"pasta,cheese,cream",Simmer for 45 minutes
843,Recipe 843,Chinese,"rice,vegetables,soy sauce",Stir fry on high heat
844,Recipe 844,American,"tomato,onion,garlic",Bake until golden
845,Recipe 845,Mexican,"fish,lemon,herbs",Blend and simmer
846,Recipe 846,French,"beans,corn,tomato",Cook slowly for 30 minutes
847,Recipe 847,Japanese,"chicken,onion,spices",Boil and mix ingredients
848,Recipe 848,Thai,"beef,potato,carrot",Simmer for 45 minutes
849,Recipe 849,Mediterranean,"pasta,cheese,cream",Stir fry on high heat
850,Recipe 850,Indian,"rice,vegetables,soy sauce",Bake until golden
851,Recipe 851,Italian,"tomato,onion,garlic",Blend and simmer
852,Recipe 852,British,"fish,lemon,herbs",Cook slowly for 30 minutes
853,Recipe 853,Chinese,"beans,corn,tomato",Boil and mix ingredients
854,Recipe 854,American,"chicken,onion,spices",Simmer for 45 minutes
855,Recipe 855,Mexican,"beef,potato,carrot",Stir fry on high heat
856,Recipe 856,French,"pasta,cheese,cream",Bake until golden
857,Recipe 857,Japanese,"rice,vegetables,soy sauce",Blend and simmer
858,Recipe 858,Thai,"tomato,onion,garlic",Cook slowly for 30 minutes
859,Recipe 859,Mediterranean,"fish,lemon,herbs",Boil and mix ingredients
860,Recipe 860,Indian,"beans,corn,tomato",Simmer for 45 minutes
861,Recipe 861,Italian,"chicken,onion,spices",Stir fry on high heat
862,Recipe 862,British,"beef,potato,carrot",Bake until golden
863,Recipe 863,Chinese,"pasta,cheese,cream",Blend and simmer
864,Recipe 864,American,"rice,vegetables,soy sauce",Cook slowly for 30 minutes
865,Recipe 865,Mexican,"tomato,onion,garlic",Boil and mix ingredients
866,Recipe 866,French,"fish,lemon,herbs",Simmer for 45 minutes
867,Recipe 867,Japanese,"beans,corn,tomato",Stir fry on high heat
868,Recipe 868,Thai,"chicken,onion,spices",Bake until golden
869,Recipe 869,Mediterranean,"beef,potato,carrot",Blend and simmer
870,Recipe 870,Indian,"pasta,cheese,cream",Cook slowly for 30 minutes
871,Recipe 871,Italian,"rice,vegetables,soy sauce",Boil and mix ingredients
872,Recipe 872,British,"tomato,onion,garlic",Simmer for 45 minutes
873,Recipe 873,Chinese,"fish,lemon,herbs",Stir fry on high heat
874,Recipe 874,American,"beans,corn,tomato",Bake until golden
875,Recipe 875,Mexican,"chicken,onion,spices",Blend and simmer
876,Recipe 876,French,"beef,potato,carrot",Cook slowly for 30 minutes
877,Recipe 877,Japanese,"pasta,cheese,cream",Boil and mix ingredients
878,Recipe 878,Thai,"rice,vegetables,soy sauce",Simmer for 45 minutes
879,Recipe 879,Mediterranean,"tomato,onion,garlic",Stir fry on high heat
880,Recipe 880,Indian,"fish,lemon,herbs",Bake until golden
881,Recipe 881,Italian,"beans,corn,tomato",Blend and simmer
882,Recipe 882,British,"chicken,onion,spices",Cook slowly for 30 minutes
883,Recipe 883,Chinese,"beef,potato,carrot",Boil and mix ingredients
884,Recipe 884,American,"pasta,cheese,cream",Simmer for 45 minutes
885,Recipe 885,Mexican,"rice,vegetables,soy sauce",Stir fry on high heat
886,Recipe 886,French,"tomato,onion,garlic",Bake until golden
887,Recipe 887,Japanese,"fish,lemon,herbs",Blend and simmer
888,Recipe 888,Thai,"beans,corn,tomato",Cook slowly for 30 minutes
889,Recipe 889,Mediterranean,"chicken,onion,spices",Boil and mix ingredients
890,Recipe 890,Indian,"beef,potato,carrot",Simmer for 45 minutes
891,Recipe 891,Italian,"pasta,cheese,cream",Stir fry on high heat
892,Recipe 892,British,"rice,vegetables,soy sauce",Bake until golden
893,Recipe 893,Chinese,"tomato,onion,garlic",Blend and simmer
894,Recipe 894,American,"fish,lemon,herbs",Cook slowly for 30 minutes
895,Recipe 895,Mexican,"beans,corn,tomato",Boil and mix ingredients
896,Recipe 896,French,"chicken,onion,spices",Simmer for 45 minutes
897,Recipe 897,Japanese,"beef,potato,carrot",Stir fry on high heat
898,Recipe 898,Thai,"pasta,cheese,cream",Bake until golden
899,Recipe 899,Mediterranean,"rice,vegetables,soy sauce",Blend and simmer
900,Recipe 900,Indian,"tomato,onion,garlic",Cook slowly for 30 minutes
901,Recipe 901,Italian,"fish,lemon,herbs",Boil and mix ingredients
902,Recipe 902,British,"beans,corn,tomato",Simmer for 45 minutes
903,Recipe 903,Chinese,"chicken,onion,spices",Stir fry on high heat
904,Recipe 904,American,"beef,potato,carrot",Bake until golden
905,Recipe 905,Mexican,"pasta,cheese,cream",Blend and simmer
906,Recipe 906,French,"rice,vegetables,soy sauce",Cook slowly for 30 minutes
907,Recipe 907,Japanese,"tomato,onion,garlic",Boil and mix ingredients
908,Recipe 908,Thai,"fish,lemon,herbs",Simmer for 45 minutes
909,Recipe 909,Mediterranean,"beans,corn,tomato",Stir fry on high heat
910,Recipe 910,Indian,"chicken,onion,spices",Bake until golden
911,Recipe 911,Italian,"beef,potato,carrot",Blend and simmer
912,Recipe 912,British,"pasta,cheese,cream",Cook slowly for 30 minutes
913,Recipe 913,Chinese,"rice,vegetables,soy sauce",Boil and mix ingredients
914,Recipe 914,American,"tomato,onion,garlic",Simmer for 45 minutes
915,Recipe 915,Mexican,"fish,lemon,herbs",Stir fry on high heat
916,Recipe 916,French,"beans,corn,tomato",Bake until golden
917,Recipe 917,Japanese,"chicken,onion,spices",Blend and simmer
918,Recipe 918,Thai,"beef,potato,carrot",Cook slowly for 30 minutes
919,Recipe 919,Mediterranean,"pasta,cheese,cream",Boil and mix ingredients
920,Recipe 920,Indian,"rice,vegetables,soy sauce",Simmer for 45 minutes
921,Recipe 921,Italian,"tomato,onion,garlic",Stir fry on high heat
922,Recipe 922,British,"fish,lemon,herbs",Bake until golden
923,Recipe 923,Chinese,"beans,corn,tomato",Blend and simmer
924,Recipe 924,American,"chicken,onion,spices",Cook slowly for 30 minutes
925,Recipe 925,Mexican,"beef,potato,carrot",Boil and mix ingredients
926,Recipe 926,French,"pasta,cheese,cream",Simmer for 45 minutes
927,Recipe 927,Japanese,"rice,vegetables,soy sauce",Stir fry on high heat
928,Recipe 928,Thai,"tomato,onion,garlic",Bake until golden
929,Recipe 929,Mediterranean,"fish,lemon,herbs",Blend and simmer
930,Recipe 930,Indian,"beans,corn,tomato",Cook slowly for 30 minutes
931,Recipe 931,Italian,"chicken,onion,spices",Boil and mix ingredients
932,Recipe 932,British,"beef,potato,carrot",Simmer for 45 minutes
933,Recipe 933,Chinese,"pasta,cheese,cream",Stir fry on high heat
934,Recipe 934,American,"rice,vegetables,soy sauce",Bake until golden
935,Recipe 935,Mexican,"tomato,onion,garlic",Blend and simmer
936,Recipe 936,French,"fish,lemon,herbs",Cook slowly for 30 minutes
937,Recipe 937,Japanese,"beans,corn,tomato",Boil and mix ingredients
938,Recipe 938,Thai,"chicken,onion,spices",Simmer for 45 minutes
939,Recipe 939,Mediterranean,"beef,potato,carrot",Stir fry on high heat
940,Recipe 940,Indian,"pasta,cheese,cream",Bake until golden
941,Recipe 941,Italian,"rice,vegetables,soy sauce",Blend and simmer
942,Recipe 942,British,"tomato,onion,garlic",Cook slowly for 30 minutes
943,Recipe 943,Chinese,"fish,lemon,herbs",Boil and mix ingredients
944,Recipe 944,American,"beans,corn,tomato",Simmer for 45 minutes
945,Recipe 945,Mexican,"chicken,onion,spices",Stir fry on high heat
946,Recipe 946,French,"beef,potato,carrot",Bake until golden
947,Recipe 947,Japanese,"pasta,cheese,cream",Blend and simmer
948,Recipe 948,Thai,"rice,vegetables,soy sauce",Cook slowly for 30 minutes
949,Recipe 949,Mediterranean,"tomato,onion,garlic",Boil and mix ingredients
950,Recipe 950,Indian,"fish,lemon,herbs",Simmer for 45 minutes
951,Recipe 951,Italian,"beans,corn,tomato",Stir fry on high heat
952,Recipe 952,British,"chicken,onion,spices",Bake until golden
953,Recipe 953,Chinese,"beef,potato,carrot",Blend and simmer
954,Recipe 954,American,"pasta,cheese,cream",Cook slowly for 30 minutes
955,Recipe 955,Mexican,"rice,vegetables,soy sauce",Boil and mix ingredients
956,Recipe 956,French,"tomato,onion,garlic",Simmer for 45 minutes
957,Recipe 957,Japanese,"fish,lemon,herbs",Stir fry on high heat
958,Recipe 958,Thai,"beans,corn,tomato",Bake until golden
959,Recipe 959,Mediterranean,"chicken,onion,spices",Blend and simmer
960,Recipe 960,Indian,"beef,potato,carrot",Cook slowly for 30 minutes
961,Recipe 961,Italian,"pasta,cheese,cream",Boil and mix ingredients
962,Recipe 962,British,"rice,vegetables,soy sauce",Simmer for 45 minutes
963,Recipe 963,Chinese,"tomato,onion,garlic",Stir fry on high heat
964,Recipe 964,American,"fish,lemon,herbs",Bake until golden
965,Recipe 965,Mexican,"beans,corn,tomato",Blend and simmer
966,Recipe 966,French,"chicken,onion,spices",Cook slowly for 30 minutes
967,Recipe 967,Japanese,"beef,potato,carrot",Boil and mix ingredients
968,Recipe 968,Thai,"pasta,cheese,cream",Simmer for 45 minutes
969,Recipe 969,Mediterranean,"rice,vegetables,soy sauce",Stir fry on high heat
970,Recipe 970,Indian,"tomato,onion,garlic",Bake until golden
971,Recipe 971,Italian,"fish,lemon,herbs",Blend and simmer
972,Recipe 972,British,"beans,corn,tomato",Cook slowly for 30 minutes
973,Recipe 973,Chinese,"chicken,onion,spices",Boil and mix ingredients
974,Recipe 974,American,"beef,potato,carrot",Simmer for 45 minutes
975,Recipe 975,Mexican,"pasta,cheese,cream",Stir fry on high heat
976,Recipe 976,French,"rice,vegetables,soy sauce",Bake until golden
977,Recipe 977,Japanese,"tomato,onion,garlic",Blend and simmer
978,Recipe 978,Thai,"fish,lemon,herbs",Cook slowly for 30 minutes
979,Recipe 979,Mediterranean,"beans,corn,tomato",Boil and mix ingredients
980,Recipe 980,Indian,"chicken,onion,spices",Simmer for 45 minutes
981,Recipe 981,Italian,"beef,potato,carrot",Stir fry on high heat
982,Recipe 982,British,"pasta,cheese,cream",Bake until golden
983,Recipe 983,Chinese,"rice,vegetables,soy sauce",Blend and simmer
984,Recipe 984,American,"tomato,onion,garlic",Cook slowly for 30 minutes
985,Recipe 985,Mexican,"fish,lemon,herbs",Boil and mix ingredients
986,Recipe 986,French,"beans,corn,tomato",Simmer for 45 minutes
987,Recipe 987,Japanese,"chicken,onion,spices",Stir fry on high heat
988,Recipe 988,Thai,"beef,potato,carrot",Bake until golden
989,Recipe 989,Mediterranean,"pasta,cheese,cream",Blend and simmer
990,Recipe 990,Indian,"rice,vegetables,soy sauce",Cook slowly for 30 minutes
991,Recipe 991,Italian,"tomato,onion,garlic",Boil and mix ingredients
992,Recipe 992,British,"fish,lemon,herbs",Simmer for 45 minutes
993,Recipe 993,Chinese,"beans,corn,tomato",Stir fry on high heat
994,Recipe 994,American,"chicken,onion,spices",Bake until golden
995,Recipe 995,Mexican,"beef,potato,carrot",Blend and simmer
996,Recipe 996,French,"pasta,cheese,cream",Cook slowly for 30 minutes
997,Recipe 997,Japanese,"rice,vegetables,soy sauce",Boil and mix ingredients
998,Recipe 998,Thai,"tomato,onion,garlic",Simmer for 45 minutes
999,Recipe 999,Mediterranean,"fish,lemon,herbs",Stir fry on high heat
1000,Recipe 1000,Indian,"beans,corn,tomato",Bake until golden
1001,Recipe 1001,Italian,"chicken,onion,spices",Blend and simmer
1002,Recipe 1002,British,"beef,potato,carrot",Cook slowly for 30 minutes
1003,Recipe 1003,Chinese,"pasta,cheese,cream",Boil and mix ingredients
1004,Recipe 1004,American,"rice,vegetables,soy sauce",Simmer for 45 minutes
1005,Recipe 1005,Mexican,"tomato,onion,garlic",Stir fry on high heat
1006,Recipe 1006,French,"fish,lemon,herbs",Bake until golden
1007,Recipe 1007,Japanese,"beans,corn,tomato",Blend and simmer
1008,Recipe 1008,Thai,"chicken,onion,spices",Cook slowly for 30 minutes
1009,Recipe 1009,Mediterranean,"beef,potato,carrot",Boil and mix ingredients
1010,Recipe 1010,Indian,"pasta,cheese,cream",Simmer for 45 minutes
1011,Recipe 1011,Italian,"rice,vegetables,soy sauce",Stir fry on high heat
1012,Recipe 1012,British,"tomato,onion,garlic",Bake until golden
1013,Recipe 1013,Chinese,"fish,lemon,herbs",Blend and simmer
1014,Recipe 1014,American,"beans,corn,tomato",Cook slowly for 30 minutes
1015,Recipe 1015,Mexican,"chicken,onion,spices",Boil and mix ingredients
1016,Recipe 1016,French,"beef,potato,carrot",Simmer for 45 minutes
1017,Recipe 1017,Japanese,"pasta,cheese,cream",Stir fry on high heat
1018,Recipe 1018,Thai,"rice,vegetables,soy sauce",Bake until golden
1019,Recipe 1019,Mediterranean,"tomato,onion,garlic",Blend and simmer
1020,Recipe 1020,Indian,"fish,lemon,herbs",Cook slowly for 30 minutes
1021,Recipe 1021,Italian,"beans,corn,tomato",Boil and mix ingredients
1022,Recipe 1022,British,"chicken,onion,spices",Simmer for 45 minutes
1023,Recipe 1023,Chinese,"beef,potato,carrot",Stir fry on high heat
1024,Recipe 1024,American,"pasta,cheese,cream",Bake until golden
1025,Recipe 1025,Mexican,"rice,vegetables,soy sauce",Blend and simmer
1026,Recipe 1026,French,"tomato,onion,garlic",Cook slowly for 30 minutes
1027,Recipe 1027,Japanese,"fish,lemon,herbs",Boil and mix ingredients
1028,Recipe 1028,Thai,"beans,corn,tomato",Simmer for 45 minutes
1029,Recipe 1029,Mediterranean,"chicken,onion,spices",Stir fry on high heat
1030,Recipe 1030,Indian,"beef,potato,carrot",Bake until golden
1031,Recipe 1031,Italian,"pasta,cheese,cream",Blend and simmer
1032,Recipe 1032,British,"rice,vegetables,soy sauce",Cook slowly for 30 minutes
1033,Recipe 1033,Chinese,"tomato,onion,garlic",Boil and mix ingredients
1034,Recipe 1034,American,"fish,lemon,herbs",Simmer for 45 minutes
1035,Recipe 1035,Mexican,"beans,corn,tomato",Stir fry on high heat
1036,Recipe 1036,French,"chicken,onion,spices",Bake until golden
1037,Recipe 1037,Japanese,"beef,potato,carrot",Blend and simmer
1038,Recipe 1038,Thai,"pasta,cheese,cream",Cook slowly for 30 minutes
1039,Recipe 1039,Mediterranean,"rice,vegetables,soy sauce",Boil and mix ingredients
1040,Recipe 1040,Indian,"tomato,onion,garlic",Simmer for 45 minutes
1041,Recipe 1041,Italian,"fish,lemon,herbs",Stir fry on high heat
1042,Recipe 1042,British,"beans,corn,tomato",Bake until golden
1043,Recipe 1043,Chinese,"chicken,onion,spices",Blend and simmer
1044,Recipe 1044,American,"beef,potato,carrot",Cook slowly for 30 minutes
1045,Recipe 1045,Mexican,"pasta,cheese,cream",Boil and mix ingredients
1046,Recipe 1046,French,"rice,vegetables,soy sauce",Simmer for 45 minutes
1047,Recipe 1047,Japanese,"tomato,onion,garlic",Stir fry on high heat
1048,Recipe 1048,Thai,"fish,lemon,herbs",Bake until golden
1049,Recipe 1049,Mediterranean,"beans,corn,tomato",Blend and simmer
1050,Recipe 1050,Indian,"chicken,onion,spices",Cook slowly for 30 minutes
1051,Recipe 1051,Italian,"beef,potato,carrot",Boil and mix ingredients
1052,Recipe 1052,British,"pasta,cheese,cream",Simmer for 45 minutes
1053,Recipe 1053,Chinese,"rice,vegetables,soy sauce",Stir fry on high heat
1054,Recipe 1054,American,"tomato,onion,garlic",Bake until golden
1055,Recipe 1055,Mexican,"fish,lemon,herbs",Blend and simmer
1056,Recipe 1056,French,"beans,corn,tomato",Cook slowly for 30 minutes
1057,Recipe 1057,Japanese,"chicken,onion,spices",Boil and mix ingredients
1058,Recipe 1058,Thai,"beef,potato,carrot",Simmer for 45 minutes
1059,Recipe 1059,Mediterranean,"pasta,cheese,cream",Stir fry on high heat
1060,Recipe 1060,Indian,"rice,vegetables,soy sauce",Bake until golden
1061,Recipe 1061,Italian,"tomato,onion,garlic",Blend and simmer
1062,Recipe 1062,British,"fish,lemon,herbs",Cook slowly for 30 minutes
1063,Recipe 1063,Chinese,"beans,corn,tomato",Boil and mix ingredients
1064,Recipe 1064,American,"chicken,onion,spices",Simmer for 45 minutes
1065,Recipe 1065,Mexican,"beef,potato,carrot",Stir fry on high heat
1066,Recipe 1066,French,"pasta,cheese,cream",Bake until golden
1067,Recipe 1067,Japanese,"rice,vegetables,soy sauce",Blend and simmer
1068,Recipe 1068,Thai,"tomato,onion,garlic",Cook slowly for 30 minutes
1069,Recipe 1069,Mediterranean,"fish,lemon,herbs",Boil and mix ingredients
1070,Recipe 1070,Indian,"beans,corn,tomato",Simmer for 45 minutes
1071,Recipe 1071,Italian,"chicken,onion,spices",Stir fry on high heat
1072,Recipe 1072,British,"beef,potato,carrot",Bake until golden
1073,Recipe 1073,Chinese,"pasta,cheese,cream",Blend and simmer
1074,Recipe 1074,American,"rice,vegetables,soy sauce",Cook slowly for 30 minutes
1075,Recipe 1075,Mexican,"tomato,onion,garlic",Boil and mix ingredients
1076,Recipe 1076,French,"fish,lemon,herbs",Simmer for 45 minutes
1077,Recipe 1077,Japanese,"beans,corn,tomato",Stir fry on high heat
1078,Recipe 1078,Thai,"chicken,onion,spices",Bake until golden
1079,Recipe 1079,Mediterranean,"beef,potato,carrot",Blend and simmer
1080,Recipe 1080,Indian,"pasta,cheese,cream",Cook slowly for 30 minutes
1081,Recipe 1081,Italian,"rice,vegetables,soy sauce",Boil and mix ingredients
1082,Recipe 1082,British,"tomato,onion,garlic",Simmer for 45 minutes
1083,Recipe 1083,Chinese,"fish,lemon,herbs",Stir fry on high heat
1084,Recipe 1084,American,"beans,corn,tomato",Bake until golden
1085,Recipe 1085,Mexican,"chicken,onion,spices",Blend and simmer
1086,Recipe 1086,French,"beef,potato,carrot",Cook slowly for 30 minutes
1087,Recipe 1087,Japanese,"pasta,cheese,cream",Boil and mix ingredients
1088,Recipe 1088,Thai,"rice,vegetables,soy sauce",Simmer for 45 minutes
1089,Recipe 1089,Mediterranean,"tomato,onion,garlic",Stir fry on high heat
1090,Recipe 1090,Indian,"fish,lemon,herbs",Bake until golden
1091,Recipe 1091,Italian,"beans,corn,tomato",Blend and simmer
1092,Recipe 1092,British,"chicken,onion,spices",Cook slowly for 30 minutes
1093,Recipe 1093,Chinese,"beef,potato,carrot",Boil and mix ingredients
1094,Recipe 1094,American,"pasta,cheese,cream",Simmer for 45 minutes
1095,Recipe 1095,Mexican,"rice,vegetables,soy sauce",Stir fry on high heat
1096,Recipe 1096,French,"tomato,onion,garlic",Bake until golden
1097,Recipe 1097,Japanese,"fish,lemon,herbs",Blend and simmer
1098,Recipe 1098,Thai,"beans,corn,tomato",Cook slowly for 30 minutes
1099,Recipe 1099,Mediterranean,"chicken,onion,spices",Boil and mix ingredients
1100,Recipe 1100,Indian,"beef,potato,carrot",Simmer for 45 minutes
1101,Recipe 1101,Italian,"pasta,cheese,cream",Stir fry on high heat
1102,Recipe 1102,British,"rice,vegetables,soy sauce",Bake until golden
1103,Recipe 1103,Chinese,"tomato,onion,garlic",Blend and simmer
1104,Recipe 1104,American,"fish,lemon,herbs",Cook slowly for 30 minutes
1105,Recipe 1105,Mexican,"beans,corn,tomato",Boil and mix ingredients
1106,Recipe 1106,French,"chicken,onion,spices",Simmer for 45 minutes
1107,Recipe 1107,Japanese,"beef,potato,carrot",Stir fry on high heat
1108,Recipe 1108,Thai,"pasta,cheese,cream",Bake until golden
1109,Recipe 1109,Mediterranean,"rice,vegetables,soy sauce",Blend and simmer
1110,Recipe 1110,Indian,"tomato,onion,garlic",Cook slowly for 30 minutes
1111,Recipe 1111,Italian,"fish,lemon,herbs",Boil and mix ingredients
1112,Recipe 1112,British,"beans,corn,tomato",Simmer for 45 minutes
1113,Recipe 1113,Chinese,"chicken,onion,spices",Stir fry on high heat
1114,Recipe 1114,American,"beef,potato,carrot",Bake until golden
1115,Recipe 1115,Mexican,"pasta,cheese,cream",Blend and simmer
1116,Recipe 1116,French,"rice,vegetables,soy sauce",Cook slowly for 30 minutes
1117,Recipe 1117,Japanese,"tomato,onion,garlic",Boil and mix ingredients
1118,Recipe 1118,Thai,"fish,lemon,herbs",Simmer for 45 minutes
1119,Recipe 1119,Mediterranean,"beans,corn,tomato",Stir fry on high heat
1120,Recipe 1120,Indian,"chicken,onion,spices",Bake until golden
1121,Recipe 1121,Italian,"beef,potato,carrot",Blend and simmer
1122,Recipe 1122,British,"pasta,cheese,cream",Cook slowly for 30 minutes
1123,Recipe 1123,Chinese,"rice,vegetables,soy sauce",Boil and mix ingredients
1124,Recipe 1124,American,"tomato,onion,garlic",Simmer for 45 minutes
1125,Recipe 1125,Mexican,"fish,lemon,herbs",Stir fry on high heat
1126,Recipe 1126,French,"beans,corn,tomato",Bake until golden
1127,Recipe 1127,Japanese,"chicken,onion,spices",Blend and simmer
1128,Recipe 1128,Thai,"beef,potato,carrot",Cook slowly for 30 minutes
1129,Recipe 1129,Mediterranean,"pasta,cheese,cream",Boil and mix ingredients
1130,Recipe 1130,Indian,"rice,vegetables,soy sauce",Simmer for 45 minutes
1131,Recipe 1131,Italian,"tomato,onion,garlic",Stir fry on high heat
1132,Recipe 1132,British,"fish,lemon,herbs",Bake until golden
1133,Recipe 1133,Chinese,"beans,corn,tomato",Blend and simmer
1134,Recipe 1134,American,"chicken,onion,spices",Cook slowly for 30 minutes
1135,Recipe 1135,Mexican,"beef,potato,carrot",Boil and mix ingredients
1136,Recipe 1136,French,"pasta,cheese,cream",Simmer for 45 minutes
1137,Recipe 1137,Japanese,"rice,vegetables,soy sauce",Stir fry on high heat
1138,Recipe 1138,Thai,"tomato,onion,garlic",Bake until golden
1139,Recipe 1139,Mediterranean,"fish,lemon,herbs",Blend and simmer
1140,Recipe 1140,Indian,"beans,corn,tomato",Cook slowly for 30 minutes
1141,Recipe 1141,Italian,"chicken,onion,spices",Boil and mix ingredients
1142,Recipe 1142,British,"beef,potato,carrot",Simmer for 45 minutes
1143,Recipe 1143,Chinese,"pasta,cheese,cream",Stir fry on high heat
1144,Recipe 1144,American,"rice,vegetables,soy sauce",Bake until golden
1145,Recipe 1145,Mexican,"tomato,onion,garlic",Blend and simmer
1146,Recipe 1146,French,"fish,lemon,herbs",Cook slowly for 30 minutes
1147,Recipe 1147,Japanese,"beans,corn,tomato",Boil and mix ingredients
1148,Recipe 1148,Thai,"chicken,onion,spices",Simmer for 45 minutes
1149,Recipe 1149,Mediterranean,"beef,potato,carrot",Stir fry on high heat
1150,Recipe 1150,Indian,"pasta,cheese,cream",Bake until golden
1151,Recipe 1151,Italian,"rice,vegetables,soy sauce",Blend and simmer
1152,Recipe 1152,British,"tomato,onion,garlic",Cook slowly for 30 minutes
1153,Recipe 1153,Chinese,"fish,lemon,herbs",Boil and mix ingredients
1154,Recipe 1154,American,"beans,corn,tomato",Simmer for 45 minutes
1155,Recipe 1155,Mexican,"chicken,onion,spices",Stir fry on high heat
1156,Recipe 1156,French,"beef,potato,carrot",Bake until golden
1157,Recipe 1157,Japanese,"pasta,cheese,cream",Blend and simmer
1158,Recipe 1158,Thai,"rice,vegetables,soy sauce",Cook slowly for 30 minutes
1159,Recipe 1159,Mediterranean,"tomato,onion,garlic",Boil and mix ingredients
1160,Recipe 1160,Indian,"fish,lemon,herbs",Simmer for 45 minutes
1161,Recipe 1161,Italian,"beans,corn,tomato",Stir fry on high heat
1162,Recipe 1162,British,"chicken,onion,spices",Bake until golden
1163,Recipe 1163,Chinese,"beef,potato,carrot",Blend and simmer
1164,Recipe 1164,American,"pasta,cheese,cream",Cook slowly for 30 minutes
1165,Recipe 1165,Mexican,"rice,vegetables,soy sauce",Boil and mix ingredients
1166,Recipe 1166,French,"tomato,onion,garlic",Simmer for 45 minutes
1167,Recipe 1167,Japanese,"fish,lemon,herbs",Stir fry on high heat
1168,Recipe 1168,Thai,"beans,corn,tomato",Bake until golden
1169,Recipe 1169,Mediterranean,"chicken,onion,spices",Blend and simmer
1170,Recipe 1170,Indian,"beef,potato,carrot",Cook slowly for 30 minutes
1171,Recipe 1171,Italian,"pasta,cheese,cream",Boil and mix ingredients
1172,Recipe 1172,British,"rice,vegetables,soy sauce",Simmer for 45 minutes
1173,Recipe 1173,Chinese,"tomato,onion,garlic",Stir fry on high heat
1174,Recipe 1174,American,"fish,lemon,herbs",Bake until golden
1175,Recipe 1175,Mexican,"beans,corn,tomato",Blend and simmer
1176,Recipe 1176,French,"chicken,onion,spices",Cook slowly for 30 minutes
1177,Recipe 1177,Japanese,"beef,potato,carrot",Boil and mix ingredients
1178,Recipe 1178,Thai,"pasta,cheese,cream",Simmer for 45 minutes
1179,Recipe 1179,Mediterranean,"rice,vegetables,soy sauce",Stir fry on high heat
1180,Recipe 1180,Indian,"tomato,onion,garlic",Bake until golden
1181,Recipe 1181,Italian,"fish,lemon,herbs",Blend and simmer
1182,Recipe 1182,British,"beans,corn,tomato",Cook slowly for 30 minutes
1183,Recipe 1183,Chinese,"chicken,onion,spices",Boil and mix ingredients
1184,Recipe 1184,American,"beef,potato,carrot",Simmer for 45 minutes
1185,Recipe 1185,Mexican,"pasta,cheese,cream",Stir fry on high heat
1186,Recipe 1186,French,"rice,vegetables,soy sauce",Bake until golden
1187,Recipe 1187,Japanese,"tomato,onion,garlic",Blend and simmer
1188,Recipe 1188,Thai,"fish,lemon,herbs",Cook slowly for 30 minutes
1189,Recipe 1189,Mediterranean,"beans,corn,tomato",Boil and mix ingredients
1190,Recipe 1190,Indian,"chicken,onion,spices",Simmer for 45 minutes
1191,Recipe 1191,Italian,"beef,potato,carrot",Stir fry on high heat
1192,Recipe 1192,British,"pasta,cheese,cream",Bake until golden
1193,Recipe 1193,Chinese,"rice,vegetables,soy sauce",Blend and simmer
1194,Recipe 1194,American,"tomato,onion,garlic",Cook slowly for 30 minutes
1195,Recipe 1195,Mexican,"fish,lemon,herbs",Boil and mix ingredients
1196,Recipe 1196,French,"beans,corn,tomato",Simmer for 45 minutes
1197,Recipe 1197,Japanese,"chicken,onion,spices",Stir fry on high heat
1198,Recipe 1198,Thai,"beef,potato,carrot",Bake until golden
1199,Recipe 1199,Mediterranean,"pasta,cheese,cream",Blend and simmer
1200,Recipe 1200,Indian,"rice,vegetables,soy sauce",Cook slowly for 30 minutes
1201,Recipe 1201,Italian,"tomato,onion,garlic",Boil and mix ingredients
1202,Recipe 1202,British,"fish,lemon,herbs",Simmer for 45 minutes
1203,Recipe 1203,Chinese,"beans,corn,tomato",Stir fry on high heat
1204,Recipe 1204,American,"chicken,onion,spices",Bake until golden
1205,Recipe 1205,Mexican,"beef,potato,carrot",Blend and simmer
1206,Recipe 1206,French,"pasta,cheese,cream",Cook slowly for 30 minutes
1207,Recipe 1207,Japanese,"rice,vegetables,soy sauce",Boil and mix ingredients
1208,Recipe 1208,Thai,"tomato,onion,garlic",Simmer for 45 minutes
1209,Recipe 1209,Mediterranean,"fish,lemon,herbs",Stir fry on high heat
1210,Recipe 1210,Indian,"beans,corn,tomato",Bake until golden
1211,Recipe 1211,Italian,"chicken,onion,spices",Blend and simmer
1212,Recipe 1212,British,"beef,potato,carrot",Cook slowly for 30 minutes
1213,Recipe 1213,Chinese,"pasta,cheese,cream",Boil and mix ingredients
1214,Recipe 1214,American,"rice,vegetables,soy sauce",Simmer for 45 minutes
1215,Recipe 1215,Mexican,"tomato,onion,garlic",Stir fry on high heat
1216,Recipe 1216,French,"fish,lemon,herbs",Bake until golden
1217,Recipe 1217,Japanese,"beans,corn,tomato",Blend and simmer
1218,Recipe 1218,Thai,"chicken,onion,spices",Cook slowly for 30 minutes
1219,Recipe 1219,Mediterranean,"beef,potato,carrot",Boil and mix ingredients
1220,Recipe 1220,Indian,"pasta,cheese,cream",Simmer for 45 minutes
1221,Recipe 1221,Italian,"rice,vegetables,soy sauce",Stir fry on high heat
1222,Recipe 1222,British,"tomato,onion,garlic",Bake until golden
1223,Recipe 1223,Chinese,"fish,lemon,herbs",Blend and simmer
1224,Recipe 1224,American,"beans,corn,tomato",Cook slowly for 30 minutes
1225,Recipe 1225,Mexican,"chicken,onion,spices",Boil and mix ingredients
1226,Recipe 1226,French,"beef,potato,carrot",Simmer for 45 minutes
1227,Recipe 1227,Japanese,"pasta,cheese,cream",Stir fry on high heat
1228,Recipe 1228,Thai,"rice,vegetables,soy sauce",Bake until golden
1229,Recipe 1229,Mediterranean,"tomato,onion,garlic",Blend and simmer
1230,Recipe 1230,Indian,"fish,lemon,herbs",Cook slowly for 30 minutes
1231,Recipe 1231,Italian,"beans,corn,tomato",Boil and mix ingredients
1232,Recipe 1232,British,"chicken,onion,spices",Simmer for 45 minutes
1233,Recipe 1233,Chinese,"beef,potato,carrot",Stir fry on high heat
1234,Recipe 1234,American,"pasta,cheese,cream",Bake until golden
1235,Recipe 1235,Mexican,"rice,vegetables,soy sauce",Blend and simmer
1236,Recipe 1236,French,"tomato,onion,garlic",Cook slowly for 30 minutes
1237,Recipe 1237,Japanese,"fish,lemon,herbs",Boil and mix ingredients
1238,Recipe 1238,Thai,"beans,corn,tomato",Simmer for 45 minutes
1239,Recipe 1239,Mediterranean,"chicken,onion,spices",Stir fry on high heat
1240,Recipe 1240,Indian,"beef,potato,carrot",Bake until golden
1241,Recipe 1241,Italian,"pasta,cheese,cream",Blend and simmer
1242,Recipe 1242,British,"rice,vegetables,soy sauce",Cook slowly for 30 minutes
1243,Recipe 1243,Chinese,"tomato,onion,garlic",Boil and mix ingredients
1244,Recipe 1244,American,"fish,lemon,herbs",Simmer for 45 minutes
1245,Recipe 1245,Mexican,"beans,corn,tomato",Stir fry on high heat
1246,Recipe 1246,French,"chicken,onion,spices",Bake until golden
1247,Recipe 1247,Japanese,"beef,potato,carrot",Blend and simmer
1248,Recipe 1248,Thai,"pasta,cheese,cream",Cook slowly for 30 minutes
1249,Recipe 1249,Mediterranean,"rice,vegetables,soy sauce",Boil and mix ingredients
1250,Recipe 1250,Indian,"tomato,onion,garlic",Simmer for 45 minutes
1251,Recipe 1251,Italian,"fish,lemon,herbs",Stir fry on high heat
1252,Recipe 1252,British,"beans,corn,tomato",Bake until golden
1253,Recipe 1253,Chinese,"chicken,onion,spices",Blend and simmer
1254,Recipe 1254,American,"beef,potato,carrot",Cook slowly for 30 minutes
1255,Recipe 1255,Mexican,"pasta,cheese,cream",Boil and mix ingredients
1256,Recipe 1256,French,"rice,vegetables,soy sauce",Simmer for 45 minutes
1257,Recipe 1257,Japanese,"tomato,onion,garlic",Stir fry on high heat
1258,Recipe 1258,Thai,"fish,lemon,herbs",Bake until golden
1259,Recipe 1259,Mediterranean,"beans,corn,tomato",Blend and simmer
1260,Recipe 1260,Indian,"chicken,onion,spices",Cook slowly for 30 minutes
1261,Recipe 1261,Italian,"beef,potato,carrot",Boil and mix ingredients
1262,Recipe 1262,British,"pasta,cheese,cream",Simmer for 45 minutes
1263,Recipe 1263,Chinese,"rice,vegetables,soy sauce",Stir fry on high heat
1264,Recipe 1264,American,"tomato,onion,garlic",Bake until golden
1265,Recipe 1265,Mexican,"fish,lemon,herbs",Blend and simmer
1266,Recipe 1266,French,"beans,corn,tomato",Cook slowly for 30 minutes
1267,Recipe 1267,Japanese,"chicken,onion,spices",Boil and mix ingredients
1268,Recipe 1268,Thai,"beef,potato,carrot",Simmer for 45 minutes
1269,Recipe 1269,Mediterranean,"pasta,cheese,cream",Stir fry on high heat
1270,Recipe 1270,Indian,"rice,vegetables,soy sauce",Bake until golden
1271,Recipe 1271,Italian,"tomato,onion,garlic",Blend and simmer
1272,Recipe 1272,British,"fish,lemon,herbs",Cook slowly for 30 minutes
1273,Recipe 1273,Chinese,"beans,corn,tomato",Boil and mix ingredients
1274,Recipe 1274,American,"chicken,onion,spices",Simmer for 45 minutes
1275,Recipe 1275,Mexican,"beef,potato,carrot",Stir fry on high heat
1276,Recipe 1276,French,"pasta,cheese,cream",Bake until golden
1277,Recipe 1277,Japanese,"rice,vegetables,soy sauce",Blend and simmer
1278,Recipe 1278,Thai,"tomato,onion,garlic",Cook slowly for 30 minutes
1279,Recipe 1279,Mediterranean,"fish,lemon,herbs",Boil and mix ingredients
1280,Recipe 1280,Indian,"beans,corn,tomato",Simmer for 45 minutes
1281,Recipe 1281,Italian,"chicken,onion,spices",Stir fry on high heat
1282,Recipe 1282,British,"beef,potato,carrot",Bake until golden
1283,Recipe 1283,Chinese,"pasta,cheese,cream",Blend and simmer
1284,Recipe 1284,American,"rice,vegetables,soy sauce",Cook slowly for 30 minutes
1285,Recipe 1285,Mexican,"tomato,onion,garlic",Boil and mix ingredients
1286,Recipe 1286,French,"fish,lemon,herbs",Simmer for 45 minutes
1287,Recipe 1287,Japanese,"beans,corn,tomato",Stir fry on high heat
1288,Recipe 1288,Thai,"chicken,onion,spices",Bake until golden
1289,Recipe 1289,Mediterranean,"beef,potato,carrot",Blend and simmer
1290,Recipe 1290,Indian,"pasta,cheese,cream",Cook slowly for 30 minutes
1291,Recipe 1291,Italian,"rice,vegetables,soy sauce",Boil and mix ingredients
1292,Recipe 1292,British,"tomato,onion,garlic",Simmer for 45 minutes
1293,Recipe 1293,Chinese,"fish,lemon,herbs",Stir fry on high heat
1294,Recipe 1294,American,"beans,corn,tomato",Bake until golden
1295,Recipe 1295,Mexican,"chicken,onion,spices",Blend and simmer
1296,Recipe 1296,French,"beef,potato,carrot",Cook slowly for 30 minutes
1297,Recipe 1297,Japanese,"pasta,cheese,cream",Boil and mix ingredients
1298,Recipe 1298,Thai,"rice,vegetables,soy sauce",Simmer for 45 minutes
1299,Recipe 1299,Mediterranean,"tomato,onion,garlic",Stir fry on high heat
1300,Recipe 1300,Indian,"fish,lemon,herbs",Bake until golden
1301,Recipe 1301,Italian,"beans,corn,tomato",Blend and simmer
1302,Recipe 1302,British,"chicken,onion,spices",Cook slowly for 30 minutes
1303,Recipe 1303,Chinese,"beef,potato,carrot",Boil and mix ingredients
1304,Recipe 1304,American,"pasta,cheese,cream",Simmer for 45 minutes
1305,Recipe 1305,Mexican,"rice,vegetables,soy sauce",Stir fry on high heat
1306,Recipe 1306,French,"tomato,onion,garlic",Bake until golden
1307,Recipe 1307,Japanese,"fish,lemon,herbs",Blend and simmer
1308,Recipe 1308,Thai,"beans,corn,tomato",Cook slowly for 30 minutes
1309,Recipe 1309,Mediterranean,"chicken,onion,spices",Boil and mix ingredients
1310,Recipe 1310,Indian,"beef,potato,carrot",Simmer for 45 minutes
1311,Recipe 1311,Italian,"pasta,cheese,cream",Stir fry on high heat
1312,Recipe 1312,British,"rice,vegetables,soy sauce",Bake until golden
1313,Recipe 1313,Chinese,"tomato,onion,garlic",Blend and simmer
1314,Recipe 1314,American,"fish,lemon,herbs",Cook slowly for 30 minutes
1315,Recipe 1315,Mexican,"beans,corn,tomato",Boil and mix ingredients
1316,Recipe 1316,French,"chicken,onion,spices",Simmer for 45 minutes
1317,Recipe 1317,Japanese,"beef,potato,carrot",Stir fry on high heat
1318,Recipe 1318,Thai,"pasta,cheese,cream",Bake until golden
1319,Recipe 1319,Mediterranean,"rice,vegetables,soy sauce",Blend and simmer
1320,Recipe 1320,Indian,"tomato,onion,garlic",Cook slowly for 30 minutes
1321,Recipe 1321,Italian,"fish,lemon,herbs",Boil and mix ingredients
1322,Recipe 1322,British,"beans,corn,tomato",Simmer for 45 minutes
1323,Recipe 1323,Chinese,"chicken,onion,spices",Stir fry on high heat
1324,Recipe 1324,American,"beef,potato,carrot",Bake until golden
1325,Recipe 1325,Mexican,"pasta,cheese,cream",Blend and simmer
1326,Recipe 1326,French,"rice,vegetables,soy sauce",Cook slowly for 30 minutes
1327,Recipe 1327,Japanese,"tomato,onion,garlic",Boil and mix ingredients
1328,Recipe 1328,Thai,"fish,lemon,herbs",Simmer for 45 minutes
1329,Recipe 1329,Mediterranean,"beans,corn,tomato",Stir fry on high heat
1330,Recipe 1330,Indian,"chicken,onion,spices",Bake until golden
1331,Recipe 1331,Italian,"beef,potato,carrot",Blend and simmer
1332,Recipe 1332,British,"pasta,cheese,cream",Cook slowly for 30 minutes
1333,Recipe 1333,Chinese,"rice,vegetables,soy sauce",Boil and mix ingredients
1334,Recipe 1334,American,"tomato,onion,garlic",Simmer for 45 minutes
1335,Recipe 1335,Mexican,"fish,lemon,herbs",Stir fry on high heat
1336,Recipe 1336,French,"beans,corn,tomato",Bake until golden
1337,Recipe 1337,Japanese,"chicken,onion,spices",Blend and simmer
1338,Recipe 1338,Thai,"beef,potato,carrot",Cook slowly for 30 minutes
1339,Recipe 1339,Mediterranean,"pasta,cheese,cream",Boil and mix ingredients
1340,Recipe 1340,Indian,"rice,vegetables,soy sauce",Simmer for 45 minutes
1341,Recipe 1341,Italian,"tomato,onion,garlic",Stir fry on high heat
1342,Recipe 1342,British,"fish,lemon,herbs",Bake until golden
1343,Recipe 1343,Chinese,"beans,corn,tomato",Blend and simmer
1344,Recipe 1344,American,"chicken,onion,spices",Cook slowly for 30 minutes
1345,Recipe 1345,Mexican,"beef,potato,carrot",Boil and mix ingredients
1346,Recipe 1346,French,"pasta,cheese,cream",Simmer for 45 minutes
1347,Recipe 1347,Japanese,"rice,vegetables,soy sauce",Stir fry on high heat
1348,Recipe 1348,Thai,"tomato,onion,garlic",Bake until golden
1349,Recipe 1349,Mediterranean,"fish,lemon,herbs",Blend and simmer
1350,Recipe 1350,Indian,"beans,corn,tomato",Cook slowly for 30 minutes
1351,Recipe 1351,Italian,"chicken,onion,spices",Boil and mix ingredients
1352,Recipe 1352,British,"beef,potato,carrot",Simmer for 45 minutes
1353,Recipe 1353,Chinese,"pasta,cheese,cream",Stir fry on high heat
1354,Recipe 1354,American,"rice,vegetables,soy sauce",Bake until golden
1355,Recipe 1355,Mexican,"tomato,onion,garlic",Blend and simmer
1356,Recipe 1356,French,"fish,lemon,herbs",Cook slowly for 30 minutes
1357,Recipe 1357,Japanese,"beans,corn,tomato",Boil and mix ingredients
1358,Recipe 1358,Thai,"chicken,onion,spices",Simmer for 45 minutes
1359,Recipe 1359,Mediterranean,"beef,potato,carrot",Stir fry on high heat
1360,Recipe 1360,Indian,"pasta,cheese,cream",Bake until golden
1361,Recipe 1361,Italian,"rice,vegetables,soy sauce",Blend and simmer
1362,Recipe 1362,British,"tomato,onion,garlic",Cook slowly for 30 minutes
1363,Recipe 1363,Chinese,"fish,lemon,herbs",Boil and mix ingredients
1364,Recipe 1364,American,"beans,corn,tomato",Simmer for 45 minutes
1365,Recipe 1365,Mexican,"chicken,onion,spices",Stir fry on high heat
1366,Recipe 1366,French,"beef,potato,carrot",Bake until golden
1367,Recipe 1367,Japanese,"pasta,cheese,cream",Blend and simmer
1368,Recipe 1368,Thai,"rice,vegetables,soy sauce",Cook slowly for 30 minutes
1369,Recipe 1369,Mediterranean,"tomato,onion,garlic",Boil and mix ingredients
1370,Recipe 1370,Indian,"fish,lemon,herbs",Simmer for 45 minutes
1371,Recipe 1371,Italian,"beans,corn,tomato",Stir fry on high heat
1372,Recipe 1372,British,"chicken,onion,spices",Bake until golden
1373,Recipe 1373,Chinese,"beef,potato,carrot",Blend and simmer
1374,Recipe 1374,American,"pasta,cheese,cream",Cook slowly for 30 minutes
1375,Recipe 1375,Mexican,"rice,vegetables,soy sauce",Boil and mix ingredients
1376,Recipe 1376,French,"tomato,onion,garlic",Simmer for 45 minutes
1377,Recipe 1377,Japanese,"fish,lemon,herbs",Stir fry on high heat
1378,Recipe 1378,Thai,"beans,corn,tomato",Bake until golden
1379,Recipe 1379,Mediterranean,"chicken,onion,spices",Blend and simmer
1380,Recipe 1380,Indian,"beef,potato,carrot",Cook slowly for 30 minutes
1381,Recipe 1381,Italian,"pasta,cheese,cream",Boil and mix ingredients
1382,Recipe 1382,British,"rice,vegetables,soy sauce",Simmer for 45 minutes
1383,Recipe 1383,Chinese,"tomato,onion,garlic",Stir fry on high heat
1384,Recipe 1384,American,"fish,lemon,herbs",Bake until golden
1385,Recipe 1385,Mexican,"beans,corn,tomato",Blend and simmer
1386,Recipe 1386,French,"chicken,onion,spices",Cook slowly for 30 minutes
1387,Recipe 1387,Japanese,"beef,potato,carrot",Boil and mix ingredients
1388,Recipe 1388,Thai,"pasta,cheese,cream",Simmer for 45 minutes
1389,Recipe 1389,Mediterranean,"rice,vegetables,soy sauce",Stir fry on high heat
1390,Recipe 1390,Indian,"tomato,onion,garlic",Bake until golden
1391,Recipe 1391,Italian,"fish,lemon,herbs",Blend and simmer
1392,Recipe 1392,British,"beans,corn,tomato",Cook slowly for 30 minutes
1393,Recipe 1393,Chinese,"chicken,onion,spices",Boil and mix ingredients
1394,Recipe 1394,American,"beef,potato,carrot",Simmer for 45 minutes
1395,Recipe 1395,Mexican,"pasta,cheese,cream",Stir fry on high heat
1396,Recipe 1396,French,"rice,vegetables,soy sauce",Bake until golden
1397,Recipe 1397,Japanese,"tomato,onion,garlic",Blend and simmer
1398,Recipe 1398,Thai,"fish,lemon,herbs",Cook slowly for 30 minutes
1399,Recipe 1399,Mediterranean,"beans,corn,tomato",Boil and mix ingredients
1400,Recipe 1400,Indian,"chicken,onion,spices",Simmer for 45 minutes
1401,Recipe 1401,Italian,"beef,potato,carrot",Stir fry on high heat
1402,Recipe 1402,British,"pasta,cheese,cream",Bake until golden
1403,Recipe 1403,Chinese,"rice,vegetables,soy sauce",Blend and simmer
1404,Recipe 1404,American,"tomato,onion,garlic",Cook slowly for 30 minutes
1405,Recipe 1405,Mexican,"fish,lemon,herbs",Boil and mix ingredients
1406,Recipe 1406,French,"beans,corn,tomato",Simmer for 45 minutes
1407,Recipe 1407,Japanese,"chicken,onion,spices",Stir fry on high heat
1408,Recipe 1408,Thai,"beef,potato,carrot",Bake until golden
1409,Recipe 1409,Mediterranean,"pasta,cheese,cream",Blend and simmer
1410,Recipe 1410,Indian,"rice,vegetables,soy sauce",Cook slowly for 30 minutes
1411,Recipe 1411,Italian,"tomato,onion,garlic",Boil and mix ingredients
1412,Recipe 1412,British,"fish,lemon,herbs",Simmer for 45 minutes
1413,Recipe 1413,Chinese,"beans,corn,tomato",Stir fry on high heat
1414,Recipe 1414,American,"chicken,onion,spices",Bake until golden
1415,Recipe 1415,Mexican,"beef,potato,carrot",Blend and simmer
1416,Recipe 1416,French,"pasta,cheese,cream",Cook slowly for 30 minutes
1417,Recipe 1417,Japanese,"rice,vegetables,soy sauce",Boil and mix ingredients
1418,Recipe 1418,Thai,"tomato,onion,garlic",Simmer for 45 minutes
1419,Recipe 1419,Mediterranean,"fish,lemon,herbs",Stir fry on high heat
1420,Recipe 1420,Indian,"beans,corn,tomato",Bake until golden
1421,Recipe 1421,Italian,"chicken,onion,spices",Blend and simmer
1422,Recipe 1422,British,"beef,potato,carrot",Cook slowly for 30 minutes
1423,Recipe 1423,Chinese,"pasta,cheese,cream",Boil and mix ingredients
1424,Recipe 1424,American,"rice,vegetables,soy sauce",Simmer for 45 minutes
1425,Recipe 1425,Mexican,"tomato,onion,garlic",Stir fry on high heat
1426,Recipe 1426,French,"fish,lemon,herbs",Bake until golden
1427,Recipe 1427,Japanese,"beans,corn,tomato",Blend and simmer
1428,Recipe 1428,Thai,"chicken,onion,spices",Cook slowly for 30 minutes
1429,Recipe 1429,Mediterranean,"beef,potato,carrot",Boil and mix ingredients
1430,Recipe 1430,Indian,"pasta,cheese,cream",Simmer for 45 minutes
1431,Recipe 1431,Italian,"rice,vegetables,soy sauce",Stir fry on high heat
1432,Recipe 1432,British,"tomato,onion,garlic",Bake until golden
1433,Recipe 1433,Chinese,"fish,lemon,herbs",Blend and simmer
1434,Recipe 1434,American,"beans,corn,tomato",Cook slowly for 30 minutes
1435,Recipe 1435,Mexican,"chicken,onion,spices",Boil and mix ingredients
1436,Recipe 1436,French,"beef,potato,carrot",Simmer for 45 minutes
1437,Recipe 1437,Japanese,"pasta,cheese,cream",Stir fry on high heat
1438,Recipe 1438,Thai,"rice,vegetables,soy sauce",Bake until golden
1439,Recipe 1439,Mediterranean,"tomato,onion,garlic",Blend and simmer
1440,Recipe 1440,Indian,"fish,lemon,herbs",Cook slowly for 30 minutes
1441,Recipe 1441,Italian,"beans,corn,tomato",Boil and mix ingredients
1442,Recipe 1442,British,"chicken,onion,spices",Simmer for 45 minutes
1443,Recipe 1443,Chinese,"beef,potato,carrot",Stir fry on high heat
1444,Recipe 1444,American,"pasta,cheese,cream",Bake until golden
1445,Recipe 1445,Mexican,"rice,vegetables,soy sauce",Blend and simmer
1446,Recipe 1446,French,"tomato,onion,garlic",Cook slowly for 30 minutes
1447,Recipe 1447,Japanese,"fish,lemon,herbs",Boil and mix ingredients
1448,Recipe 1448,Thai,"beans,corn,tomato",Simmer for 45 minutes
1449,Recipe 1449,Mediterranean,"chicken,onion,spices",Stir fry on high heat
1450,Recipe 1450,Indian,"beef,potato,carrot",Bake until golden
1451,Recipe 1451,Italian,"pasta,cheese,cream",Blend and simmer
1452,Recipe 1452,British,"rice,vegetables,soy sauce",Cook slowly for 30 minutes
1453,Recipe 1453,Chinese,"tomato,onion,garlic",Boil and mix ingredients
1454,Recipe 1454,American,"fish,lemon,herbs",Simmer for 45 minutes
1455,Recipe 1455,Mexican,"beans,corn,tomato",Stir fry on high heat
1456,Recipe 1456,French,"chicken,onion,spices",Bake until golden
1457,Recipe 1457,Japanese,"beef,potato,carrot",Blend and simmer
1458,Recipe 1458,Thai,"pasta,cheese,cream",Cook slowly for 30 minutes
1459,Recipe 1459,Mediterranean,"rice,vegetables,soy sauce",Boil and mix ingredients
1460,Recipe 1460,Indian,"tomato,onion,garlic",Simmer for 45 minutes
1461,Recipe 1461,Italian,"fish,lemon,herbs",Stir fry on high heat
1462,Recipe 1462,British,"beans,corn,tomato",Bake until golden
1463,Recipe 1463,Chinese,"chicken,onion,spices",Blend and simmer
1464,Recipe 1464,American,"beef,potato,carrot",Cook slowly for 30 minutes
1465,Recipe 1465,Mexican,"pasta,cheese,cream",Boil and mix ingredients
1466,Recipe 1466,French,"rice,vegetables,soy sauce",Simmer for 45 minutes
1467,Recipe 1467,Japanese,"tomato,onion,garlic",Stir fry on high heat
1468,Recipe 1468,Thai,"fish,lemon,herbs",Bake until golden
1469,Recipe 1469,Mediterranean,"beans,corn,tomato",Blend and simmer
1470,Recipe 1470,Indian,"chicken,onion,spices",Cook slowly for 30 minutes
1471,Recipe 1471,Italian,"beef,potato,carrot",Boil and mix ingredients
1472,Recipe 1472,British,"pasta,cheese,cream",Simmer for 45 minutes
1473,Recipe 1473,Chinese,"rice,vegetables,soy sauce",Stir fry on high heat
1474,Recipe 1474,American,"tomato,onion,garlic",Bake until golden
1475,Recipe 1475,Mexican,"fish,lemon,herbs",Blend and simmer
1476,Recipe 1476,French,"beans,corn,tomato",Cook slowly for 30 minutes
1477,Recipe 1477,Japanese,"chicken,onion,spices",Boil and mix ingredients
1478,Recipe 1478,Thai,"beef,potato,carrot",Simmer for 45 minutes
1479,Recipe 1479,Mediterranean,"pasta,cheese,cream",Stir fry on high heat
1480,Recipe 1480,Indian,"rice,vegetables,soy sauce",Bake until golden
1481,Recipe 1481,Italian,"tomato,onion,garlic",Blend and simmer
1482,Recipe 1482,British,"fish,lemon,herbs",Cook slowly for 30 minutes
1483,Recipe 1483,Chinese,"beans,corn,tomato",Boil and mix ingredients
1484,Recipe 1484,American,"chicken,onion,spices",Simmer for 45 minutes
1485,Recipe 1485,Mexican,"beef,potato,carrot",Stir fry on high heat
1486,Recipe 1486,French,"pasta,cheese,cream",Bake until golden
1487,Recipe 1487,Japanese,"rice,vegetables,soy sauce",Blend and simmer
1488,Recipe 1488,Thai,"tomato,onion,garlic",Cook slowly for 30 minutes
1489,Recipe 1489,Mediterranean,"fish,lemon,herbs",Boil and mix ingredients
1490,Recipe 1490,Indian,"beans,corn,tomato",Simmer for 45 minutes
1491,Recipe 1491,Italian,"chicken,onion,spices",Stir fry on high heat
1492,Recipe 1492,British,"beef,potato,carrot",Bake until golden
1493,Recipe 1493,Chinese,"pasta,cheese,cream",Blend and simmer
1494,Recipe 1494,American,"rice,vegetables,soy sauce",Cook slowly for 30 minutes
1495,Recipe 1495,Mexican,"tomato,onion,garlic",Boil and mix ingredients
1496,Recipe 1496,French,"fish,lemon,herbs",Simmer for 45 minutes
1497,Recipe 1497,Japanese,"beans,corn,tomato",Stir fry on high heat
1498,Recipe 1498,Thai,"chicken,onion,spices",Bake until golden
1499,Recipe 1499,Mediterranean,"beef,potato,carrot",Blend and simmer
1500,Recipe 1500,Indian,"pasta,cheese,cream",Cook slowly for 30 minutes
1501,Recipe 1501,Italian,"rice,vegetables,soy sauce",Boil and mix ingredients
1502,Recipe 1502,British,"tomato,onion,garlic",Simmer for 45 minutes
1503,Recipe 1503,Chinese,"fish,lemon,herbs",Stir fry on high heat
1504,Recipe 1504,American,"beans,corn,tomato",Bake until golden
1505,Recipe 1505,Mexican,"chicken,onion,spices",Blend and simmer
1506,Recipe 1506,French,"beef,potato,carrot",Cook slowly for 30 minutes
1507,Recipe 1507,Japanese,"pasta,cheese,cream",Boil and mix ingredients
1508,Recipe 1508,Thai,"rice,vegetables,soy sauce",Simmer for 45 minutes
1509,Recipe 1509,Mediterranean,"tomato,onion,garlic",Stir fry on high heat
1510,Recipe 1510,Indian,"fish,lemon,herbs",Bake until golden
1511,Recipe 1511,Italian,"beans,corn,tomato",Blend and simmer
1512,Recipe 1512,British,"chicken,onion,spices",Cook slowly for 30 minutes
1513,Recipe 1513,Chinese,"beef,potato,carrot",Boil and mix ingredients
1514,Recipe 1514,American,"pasta,cheese,cream",Simmer for 45 minutes
1515,Recipe 1515,Mexican,"rice,vegetables,soy sauce",Stir fry on high heat
1516,Recipe 1516,French,"tomato,onion,garlic",Bake until golden
1517,Recipe 1517,Japanese,"fish,lemon,herbs",Blend and simmer
1518,Recipe 1518,Thai,"beans,corn,tomato",Cook slowly for 30 minutes
1519,Recipe 1519,Mediterranean,"chicken,onion,spices",Boil and mix ingredients
1520,Recipe 1520,Indian,"beef,potato,carrot",Simmer for 45 minutes
1521,Recipe 1521,Italian,"pasta,cheese,cream",Stir fry on high heat
1522,Recipe 1522,British,"rice,vegetables,soy sauce",Bake until golden
1523,Recipe 1523,Chinese,"tomato,onion,garlic",Blend and simmer
1524,Recipe 1524,American,"fish,lemon,herbs",Cook slowly for 30 minutes
1525,Recipe 1525,Mexican,"beans,corn,tomato",Boil and mix ingredients
1526,Recipe 1526,French,"chicken,onion,spices",Simmer for 45 minutes
1527,Recipe 1527,Japanese,"beef,potato,carrot",Stir fry on high heat
1528,Recipe 1528,Thai,"pasta,cheese,cream",Bake until golden
1529,Recipe 1529,Mediterranean,"rice,vegetables,soy sauce",Blend and simmer
1530,Recipe 1530,Indian,"tomato,onion,garlic",Cook slowly for 30 minutes
1531,Recipe 1531,Italian,"fish,lemon,herbs",Boil and mix ingredients
1532,Recipe 1532,British,"beans,corn,tomato",Simmer for 45 minutes
1533,Recipe 1533,Chinese,"chicken,onion,spices",Stir fry on high heat
1534,Recipe 1534,American,"beef,potato,carrot",Bake until golden
1535,Recipe 1535,Mexican,"pasta,cheese,cream",Blend and simmer
1536,Recipe 1536,French,"rice,vegetables,soy sauce",Cook slowly for 30 minutes
1537,Recipe 1537,Japanese,"tomato,onion,garlic",Boil and mix ingredients
1538,Recipe 1538,Thai,"fish,lemon,herbs",Simmer for 45 minutes
1539,Recipe 1539,Mediterranean,"beans,corn,tomato",Stir fry on high heat
1540,Recipe 1540,Indian,"chicken,onion,spices",Bake until golden
1541,Recipe 1541,Italian,"beef,potato,carrot",Blend and simmer
1542,Recipe 1542,British,"pasta,cheese,cream",Cook slowly for 30 minutes
1543,Recipe 1543,Chinese,"rice,vegetables,soy sauce",Boil and mix ingredients
1544,Recipe 1544,American,"tomato,onion,garlic",Simmer for 45 minutes
1545,Recipe 1545,Mexican,"fish,lemon,herbs",Stir fry on high heat
1546,Recipe 1546,French,"beans,corn,tomato",Bake until golden
1547,Recipe 1547,Japanese,"chicken,onion,spices",Blend and simmer
1548,Recipe 1548,Thai,"beef,potato,carrot",Cook slowly for 30 minutes
1549,Recipe 1549,Mediterranean,"pasta,cheese,cream",Boil and mix ingredients
1550,Recipe 1550,Indian,"rice,vegetables,soy sauce",Simmer for 45 minutes
1551,Recipe 1551,Italian,"tomato,onion,garlic",Stir fry on high heat
1552,Recipe 1552,British,"fish,lemon,herbs",Bake until golden
1553,Recipe 1553,Chinese,"beans,corn,tomato",Blend and simmer
1554,Recipe 1554,American,"chicken,onion,spices",Cook slowly for 30 minutes
1555,Recipe 1555,Mexican,"beef,potato,carrot",Boil and mix ingredients
1556,Recipe 1556,French,"pasta,cheese,cream",Simmer for 45 minutes
1557,Recipe 1557,Japanese,"rice,vegetables,soy sauce",Stir fry on high heat
1558,Recipe 1558,Thai,"tomato,onion,garlic",Bake until golden
1559,Recipe 1559,Mediterranean,"fish,lemon,herbs",Blend and simmer
1560,Recipe 1560,Indian,"beans,corn,tomato",Cook slowly for 30 minutes
1561,Recipe 1561,Italian,"chicken,onion,spices",Boil and mix ingredients
1562,Recipe 1562,British,"beef,potato,carrot",Simmer for 45 minutes
1563,Recipe 1563,Chinese,"pasta,cheese,cream",Stir fry on high heat
1564,Recipe 1564,American,"rice,vegetables,soy sauce",Bake until golden
1565,Recipe 1565,Mexican,"tomato,onion,garlic",Blend and simmer
1566,Recipe 1566,French,"fish,lemon,herbs",Cook slowly for 30 minutes
1567,Recipe 1567,Japanese,"beans,corn,tomato",Boil and mix ingredients
1568,Recipe 1568,Thai,"chicken,onion,spices",Simmer for 45 minutes
1569,Recipe 1569,Mediterranean,"beef,potato,carrot",Stir fry on high heat
1570,Recipe 1570,Indian,"pasta,cheese,cream",Bake until golden
1571,Recipe 1571,Italian,"rice,vegetables,soy sauce",Blend and simmer
1572,Recipe 1572,British,"tomato,onion,garlic",Cook slowly for 30 minutes
1573,Recipe 1573,Chinese,"fish,lemon,herbs",Boil and mix ingredients
1574,Recipe 1574,American,"beans,corn,tomato",Simmer for 45 minutes
1575,Recipe 1575,Mexican,"chicken,onion,spices",Stir fry on high heat
1576,Recipe 1576,French,"beef,potato,carrot",Bake until golden
1577,Recipe 1577,Japanese,"pasta,cheese,cream",Blend and simmer
1578,Recipe 1578,Thai,"rice,vegetables,soy sauce",Cook slowly for 30 minutes
1579,Recipe 1579,Mediterranean,"tomato,onion,garlic",Boil and mix ingredients
1580,Recipe 1580,Indian,"fish,lemon,herbs",Simmer for 45 minutes
1581,Recipe 1581,Italian,"beans,corn,tomato",Stir fry on high heat
1582,Recipe 1582,British,"chicken,onion,spices",Bake until golden
1583,Recipe 1583,Chinese,"beef,potato,carrot",Blend and simmer
1584,Recipe 1584,American,"pasta,cheese,cream",Cook slowly for 30 minutes
1585,Recipe 1585,Mexican,"rice,vegetables,soy sauce",Boil and mix ingredients
1586,Recipe 1586,French,"tomato,onion,garlic",Simmer for 45 minutes
1587,Recipe 1587,Japanese,"fish,lemon,herbs",Stir fry on high heat
1588,Recipe 1588,Thai,"beans,corn,tomato",Bake until golden
1589,Recipe 1589,Mediterranean,"chicken,onion,spices",Blend and simmer
1590,Recipe 1590,Indian,"beef,potato,carrot",Cook slowly for 30 minutes
1591,Recipe 1591,Italian,"pasta,cheese,cream",Boil and mix ingredients
1592,Recipe 1592,British,"rice,vegetables,soy sauce",Simmer for 45 minutes
1593,Recipe 1593,Chinese,"tomato,onion,garlic",Stir fry on high heat
1594,Recipe 1594,American,"fish,lemon,herbs",Bake until golden
1595,Recipe 1595,Mexican,"beans,corn,tomato",Blend and simmer
1596,Recipe 1596,French,"chicken,onion,spices",Cook slowly for 30 minutes
1597,Recipe 1597,Japanese,"beef,potato,carrot",Boil and mix ingredients
1598,Recipe 1598,Thai,"pasta,cheese,cream",Simmer for 45 minutes
1599,Recipe 1599,Mediterranean,"rice,vegetables,soy sauce",Stir fry on high heat
1600,Recipe 1600,Indian,"tomato,onion,garlic",Bake until golden
1601,Recipe 1601,Italian,"fish,lemon,herbs",Blend and simmer
1602,Recipe 1602,British,"beans,corn,tomato",Cook slowly for 30 minutes
1603,Recipe 1603,Chinese,"chicken,onion,spices",Boil and mix ingredients
1604,Recipe 1604,American,"beef,potato,carrot",Simmer for 45 minutes
1605,Recipe 1605,Mexican,"pasta,cheese,cream",Stir fry on high heat
1606,Recipe 1606,French,"rice,vegetables,soy sauce",Bake until golden
1607,Recipe 1607,Japanese,"tomato,onion,garlic",Blend and simmer
1608,Recipe 1608,Thai,"fish,lemon,herbs",Cook slowly for 30 minutes
1609,Recipe 1609,Mediterranean,"beans,corn,tomato",Boil and mix ingredients
1610,Recipe 1610,Indian,"chicken,onion,spices",Simmer for 45 minutes
1611,Recipe 1611,Italian,"beef,potato,carrot",Stir fry on high heat
1612,Recipe 1612,British,"pasta,cheese,cream",Bake until golden
1613,Recipe 1613,Chinese,"rice,vegetables,soy sauce",Blend and simmer
1614,Recipe 1614,American,"tomato,onion,garlic",Cook slowly for 30 minutes
1615,Recipe 1615,Mexican,"fish,lemon,herbs",Boil and mix ingredients
1616,Recipe 1616,French,"beans,corn,tomato",Simmer for 45 minutes
1617,Recipe 1617,Japanese,"chicken,onion,spices",Stir fry on high heat
1618,Recipe 1618,Thai,"beef,potato,carrot",Bake until golden
1619,Recipe 1619,Mediterranean,"pasta,cheese,cream",Blend and simmer
1620,Recipe 1620,Indian,"rice,vegetables,soy sauce",Cook slowly for 30 minutes
1621,Recipe 1621,Italian,"tomato,onion,garlic",Boil and mix ingredients
1622,Recipe 1622,British,"fish,lemon,herbs",Simmer for 45 minutes
1623,Recipe 1623,Chinese,"beans,corn,tomato",Stir fry on high heat
1624,Recipe 1624,American,"chicken,onion,spices",Bake until golden
1625,Recipe 1625,Mexican,"beef,potato,carrot",Blend and simmer
1626,Recipe 1626,French,"pasta,cheese,cream",Cook slowly for 30 minutes
1627,Recipe 1627,Japanese,"rice,vegetables,soy sauce",Boil and mix ingredients
1628,Recipe 1628,Thai,"tomato,onion,garlic",Simmer for 45 minutes
1629,Recipe 1629,Mediterranean,"fish,lemon,herbs",Stir fry on high heat
1630,Recipe 1630,Indian,"beans,corn,tomato",Bake until golden
1631,Recipe 1631,Italian,"chicken,onion,spices",Blend and simmer
1632,Recipe 1632,British,"beef,potato,carrot",Cook slowly for 30 minutes
1633,Recipe 1633,Chinese,"pasta,cheese,cream",Boil and mix ingredients
1634,Recipe 1634,American,"rice,vegetables,soy sauce",Simmer for 45 minutes
1635,Recipe 1635,Mexican,"tomato,onion,garlic",Stir fry on high heat
1636,Recipe 1636,French,"fish,lemon,herbs",Bake until golden
1637,Recipe 1637,Japanese,"beans,corn,tomato",Blend and simmer
1638,Recipe 1638,Thai,"chicken,onion,spices",Cook slowly for 30 minutes
1639,Recipe 1639,Mediterranean,"beef,potato,carrot",Boil and mix ingredients
1640,Recipe 1640,Indian,"pasta,cheese,cream",Simmer for 45 minutes
1641,Recipe 1641,Italian,"rice,vegetables,soy sauce",Stir fry on high heat
1642,Recipe 1642,British,"tomato,onion,garlic",Bake until golden
1643,Recipe 1643,Chinese,"fish,lemon,herbs",Blend and simmer
1644,Recipe 1644,American,"beans,corn,tomato",Cook slowly for 30 minutes
1645,Recipe 1645,Mexican,"chicken,onion,spices",Boil and mix ingredients
1646,Recipe 1646,French,"beef,potato,carrot",Simmer for 45 minutes
1647,Recipe 1647,Japanese,"pasta,cheese,cream",Stir fry on high heat
1648,Recipe 1648,Thai,"rice,vegetables,soy sauce",Bake until golden
1649,Recipe 1649,Mediterranean,"tomato,onion,garlic",Blend and simmer
1650,Recipe 1650,Indian,"fish,lemon,herbs",Cook slowly for 30 minutes
1651,Recipe 1651,Italian,"beans,corn,tomato",Boil and mix ingredients
1652,Recipe 1652,British,"chicken,onion,spices",Simmer for 45 minutes
1653,Recipe 1653,Chinese,"beef,potato,carrot",Stir fry on high heat
1654,Recipe 1654,American,"pasta,cheese,cream",Bake until golden
1655,Recipe 1655,Mexican,"rice,vegetables,soy sauce",Blend and simmer
1656,Recipe 1656,French,"tomato,onion,garlic",Cook slowly for 30 minutes
1657,Recipe 1657,Japanese,"fish,lemon,herbs",Boil and mix ingredients
1658,Recipe 1658,Thai,"beans,corn,tomato",Simmer for 45 minutes
1659,Recipe 1659,Mediterranean,"chicken,onion,spices",Stir fry on high heat
1660,Recipe 1660,Indian,"beef,potato,carrot",Bake until golden
1661,Recipe 1661,Italian,"pasta,cheese,cream",Blend and simmer
1662,Recipe 1662,British,"rice,vegetables,soy sauce",Cook slowly for 30 minutes
1663,Recipe 1663,Chinese,"tomato,onion,garlic",Boil and mix ingredients
1664,Recipe 1664,American,"fish,lemon,herbs",Simmer for 45 minutes
1665,Recipe 1665,Mexican,"beans,corn,tomato",Stir fry on high heat
1666,Recipe 1666,French,"chicken,onion,spices",Bake until golden
1667,Recipe 1667,Japanese,"beef,potato,carrot",Blend and simmer
1668,Recipe 1668,Thai,"pasta,cheese,cream",Cook slowly for 30 minutes
1669,Recipe 1669,Mediterranean,"rice,vegetables,soy sauce",Boil and mix ingredients
1670,Recipe 1670,Indian,"tomato,onion,garlic",Simmer for 45 minutes
1671,Recipe 1671,Italian,"fish,lemon,herbs",Stir fry on high heat
1672,Recipe 1672,British,"beans,corn,tomato",Bake until golden
1673,Recipe 1673,Chinese,"chicken,onion,spices",Blend and simmer
1674,Recipe 1674,American,"beef,potato,carrot",Cook slowly for 30 minutes
1675,Recipe 1675,Mexican,"pasta,cheese,cream",Boil and mix ingredients
1676,Recipe 1676,French,"rice,vegetables,soy sauce",Simmer for 45 minutes
1677,Recipe 1677,Japanese,"tomato,onion,garlic",Stir fry on high heat
1678,Recipe 1678,Thai,"fish,lemon,herbs",Bake until golden
1679,Recipe 1679,Mediterranean,"beans,corn,tomato",Blend and simmer
1680,Recipe 1680,Indian,"chicken,onion,spices",Cook slowly for 30 minutes
1681,Recipe 1681,Italian,"beef,potato,carrot",Boil and mix ingredients
1682,Recipe 1682,British,"pasta,cheese,cream",Simmer for 45 minutes
1683,Recipe 1683,Chinese,"rice,vegetables,soy sauce",Stir fry on high heat
1684,Recipe 1684,American,"tomato,onion,garlic",Bake until golden
1685,Recipe 1685,Mexican,"fish,lemon,herbs",Blend and simmer
1686,Recipe 1686,French,"beans,corn,tomato",Cook slowly for 30 minutes
1687,Recipe 1687,Japanese,"chicken,onion,spices",Boil and mix ingredients
1688,Recipe 1688,Thai,"beef,potato,carrot",Simmer for 45 minutes
1689,Recipe 1689,Mediterranean,"pasta,cheese,cream",Stir fry on high heat
1690,Recipe 1690,Indian,"rice,vegetables,soy sauce",Bake until golden
1691,Recipe 1691,Italian,"tomato,onion,garlic",Blend and simmer
1692,Recipe 1692,British,"fish,lemon,herbs",Cook slowly for 30 minutes
1693,Recipe 1693,Chinese,"beans,corn,tomato",Boil and mix ingredients
1694,Recipe 1694,American,"chicken,onion,spices",Simmer for 45 minutes
1695,Recipe 1695,Mexican,"beef,potato,carrot",Stir fry on high heat
1696,Recipe 1696,French,"pasta,cheese,cream",Bake until golden
1697,Recipe 1697,Japanese,"rice,vegetables,soy sauce",Blend and simmer
1698,Recipe 1698,Thai,"tomato,onion,garlic",Cook slowly for 30 minutes
1699,Recipe 1699,Mediterranean,"fish,lemon,herbs",Boil and mix ingredients
1700,Recipe 1700,Indian,"beans,corn,tomato",Simmer for 45 minutes
1701,Recipe 1701,Italian,"chicken,onion,spices",Stir fry on high heat
1702,Recipe 1702,British,"beef,potato,carrot",Bake until golden
1703,Recipe 1703,Chinese,"pasta,cheese,cream",Blend and simmer
1704,Recipe 1704,American,"rice,vegetables,soy sauce",Cook slowly for 30 minutes
1705,Recipe 1705,Mexican,"tomato,onion,garlic",Boil and mix ingredients
1706,Recipe 1706,French,"fish,lemon,herbs",Simmer for 45 minutes
1707,Recipe 1707,Japanese,"beans,corn,tomato",Stir fry on high heat
1708,Recipe 1708,Thai,"chicken,onion,spices",Bake until golden
1709,Recipe 1709,Mediterranean,"beef,potato,carrot",Blend and simmer
1710,Recipe 1710,Indian,"pasta,cheese,cream",Cook slowly for 30 minutes
1711,Recipe 1711,Italian,"rice,vegetables,soy sauce",Boil and mix ingredients
1712,Recipe 1712,British,"tomato,onion,garlic",Simmer for 45 minutes
1713,Recipe 1713,Chinese,"fish,lemon,herbs",Stir fry on high heat
1714,Recipe 1714,American,"beans,corn,tomato",Bake until golden
1715,Recipe 1715,Mexican,"chicken,onion,spices",Blend and simmer
1716,Recipe 1716,French,"beef,potato,carrot",Cook slowly for 30 minutes
1717,Recipe 1717,Japanese,"pasta,cheese,cream",Boil and mix ingredients
1718,Recipe 1718,Thai,"rice,vegetables,soy sauce",Simmer for 45 minutes
1719,Recipe 1719,Mediterranean,"tomato,onion,garlic",Stir fry on high heat
1720,Recipe 1720,Indian,"fish,lemon,herbs",Bake until golden
1721,Recipe 1721,Italian,"beans,corn,tomato",Blend and simmer
1722,Recipe 1722,British,"chicken,onion,spices",Cook slowly for 30 minutes
1723,Recipe 1723,Chinese,"beef,potato,carrot",Boil and mix ingredients
1724,Recipe 1724,American,"pasta,cheese,cream",Simmer for 45 minutes
1725,Recipe 1725,Mexican,"rice,vegetables,soy sauce",Stir fry on high heat
1726,Recipe 1726,French,"tomato,onion,garlic",Bake until golden
1727,Recipe 1727,Japanese,"fish,lemon,herbs",Blend and simmer
1728,Recipe 1728,Thai,"beans,corn,tomato",Cook slowly for 30 minutes
1729,Recipe 1729,Mediterranean,"chicken,onion,spices",Boil and mix ingredients
1730,Recipe 1730,Indian,"beef,potato,carrot",Simmer for 45 minutes
1731,Recipe 1731,Italian,"pasta,cheese,cream",Stir fry on high heat
1732,Recipe 1732,British,"rice,vegetables,soy sauce",Bake until golden
1733,Recipe 1733,Chinese,"tomato,onion,garlic",Blend and simmer
1734,Recipe 1734,American,"fish,lemon,herbs",Cook slowly for 30 minutes
1735,Recipe 1735,Mexican,"beans,corn,tomato",Boil and mix ingredients
1736,Recipe 1736,French,"chicken,onion,spices",Simmer for 45 minutes
1737,Recipe 1737,Japanese,"beef,potato,carrot",Stir fry on high heat
1738,Recipe 1738,Thai,"pasta,cheese,cream",Bake until golden
1739,Recipe 1739,Mediterranean,"rice,vegetables,soy sauce",Blend and simmer
1740,Recipe 1740,Indian,"tomato,onion,garlic",Cook slowly for 30 minutes
1741,Recipe 1741,Italian,"fish,lemon,herbs",Boil and mix ingredients
1742,Recipe 1742,British,"beans,corn,tomato",Simmer for 45 minutes
1743,Recipe 1743,Chinese,"chicken,onion,spices",Stir fry on high heat
1744,Recipe 1744,American,"beef,potato,carrot",Bake until golden
1745,Recipe 1745,Mexican,"pasta,cheese,cream",Blend and simmer
1746,Recipe 1746,French,"rice,vegetables,soy sauce",Cook slowly for 30 minutes
1747,Recipe 1747,Japanese,"tomato,onion,garlic",Boil and mix ingredients
1748,Recipe 1748,Thai,"fish,lemon,herbs",Simmer for 45 minutes
1749,Recipe 1749,Mediterranean,"beans,corn,tomato",Stir fry on high heat
1750,Recipe 1750,Indian,"chicken,onion,spices",Bake until golden
1751,Recipe 1751,Italian,"beef,potato,carrot",Blend and simmer
1752,Recipe 1752,British,"pasta,cheese,cream",Cook slowly for 30 minutes
1753,Recipe 1753,Chinese,"rice,vegetables,soy sauce",Boil and mix ingredients
1754,Recipe 1754,American,"tomato,onion,garlic",Simmer for 45 minutes
1755,Recipe 1755,Mexican,"fish,lemon,herbs",Stir fry on high heat
1756,Recipe 1756,French,"beans,corn,tomato",Bake until golden
1757,Recipe 1757,Japanese,"chicken,onion,spices",Blend and simmer
1758,Recipe 1758,Thai,"beef,potato,carrot",Cook slowly for 30 minutes
1759,Recipe 1759,Mediterranean,"pasta,cheese,cream",Boil and mix ingredients
1760,Recipe 1760,Indian,"rice,vegetables,soy sauce",Simmer for 45 minutes
1761,Recipe 1761,Italian,"tomato,onion,garlic",Stir fry on high heat
1762,Recipe 1762,British,"fish,lemon,herbs",Bake until golden
1763,Recipe 1763,Chinese,"beans,corn,tomato",Blend and simmer
1764,Recipe 1764,American,"chicken,onion,spices",Cook slowly for 30 minutes
1765,Recipe 1765,Mexican,"beef,potato,carrot",Boil and mix ingredients
1766,Recipe 1766,French,"pasta,cheese,cream",Simmer for 45 minutes
1767,Recipe 1767,Japanese,"rice,vegetables,soy sauce",Stir fry on high heat
1768,Recipe 1768,Thai,"tomato,onion,garlic",Bake until golden
1769,Recipe 1769,Mediterranean,"fish,lemon,herbs",Blend and simmer
1770,Recipe 1770,Indian,"beans,corn,tomato",Cook slowly for 30 minutes
1771,Recipe 1771,Italian,"chicken,onion,spices",Boil and mix ingredients
1772,Recipe 1772,British,"beef,potato,carrot",Simmer for 45 minutes
1773,Recipe 1773,Chinese,"pasta,cheese,cream",Stir fry on high heat
1774,Recipe 1774,American,"rice,vegetables,soy sauce",Bake until golden
1775,Recipe 1775,Mexican,"tomato,onion,garlic",Blend and simmer
1776,Recipe 1776,French,"fish,lemon,herbs",Cook slowly for 30 minutes
1777,Recipe 1777,Japanese,"beans,corn,tomato",Boil and mix ingredients
1778,Recipe 1778,Thai,"chicken,onion,spices",Simmer for 45 minutes
1779,Recipe 1779,Mediterranean,"beef,potato,carrot",Stir fry on high heat
1780,Recipe 1780,Indian,"pasta,cheese,cream",Bake until golden
1781,Recipe 1781,Italian,"rice,vegetables,soy sauce",Blend and simmer
1782,Recipe 1782,British,"tomato,onion,garlic",Cook slowly for 30 minutes
1783,Recipe 1783,Chinese,"fish,lemon,herbs",Boil and mix ingredients
1784,Recipe 1784,American,"beans,corn,tomato",Simmer for 45 minutes
1785,Recipe 1785,Mexican,"chicken,onion,spices",Stir fry on high heat
1786,Recipe 1786,French,"beef,potato,carrot",Bake until golden
1787,Recipe 1787,Japanese,"pasta,cheese,cream",Blend and simmer
1788,Recipe 1788,Thai,"rice,vegetables,soy sauce",Cook slowly for 30 minutes
1789,Recipe 1789,Mediterranean,"tomato,onion,garlic",Boil and mix ingredients
1790,Recipe 1790,Indian,"fish,lemon,herbs",Simmer for 45 minutes
1791,Recipe 1791,Italian,"beans,corn,tomato",Stir fry on high heat
1792,Recipe 1792,British,"chicken,onion,spices",Bake until golden
1793,Recipe 1793,Chinese,"beef,potato,carrot",Blend and simmer
1794,Recipe 1794,American,"pasta,cheese,cream",Cook slowly for 30 minutes
1795,Recipe 1795,Mexican,"rice,vegetables,soy sauce",Boil and mix ingredients
1796,Recipe 1796,French,"tomato,onion,garlic",Simmer for 45 minutes
1797,Recipe 1797,Japanese,"fish,lemon,herbs",Stir fry on high heat
1798,Recipe 1798,Thai,"beans,corn,tomato",Bake until golden
1799,Recipe 1799,Mediterranean,"chicken,onion,spices",Blend and simmer
1800,Recipe 1800,Indian,"beef,potato,carrot",Cook slowly for 30 minutes
1801,Recipe 1801,Italian,"pasta,cheese,cream",Boil and mix ingredients
1802,Recipe 1802,British,"rice,vegetables,soy sauce",Simmer for 45 minutes
1803,Recipe 1803,Chinese,"tomato,onion,garlic",Stir fry on high heat
1804,Recipe 1804,American,"fish,lemon,herbs",Bake until golden
1805,Recipe 1805,Mexican,"beans,corn,tomato",Blend and simmer
1806,Recipe 1806,French,"chicken,onion,spices",Cook slowly for 30 minutes
1807,Recipe 1807,Japanese,"beef,potato,carrot",Boil and mix ingredients
1808,Recipe 1808,Thai,"pasta,cheese,cream",Simmer for 45 minutes
1809,Recipe 1809,Mediterranean,"rice,vegetables,soy sauce",Stir fry on high heat
1810,Recipe 1810,Indian,"tomato,onion,garlic",Bake until golden
1811,Recipe 1811,Italian,"fish,lemon,herbs",Blend and simmer
1812,Recipe 1812,British,"beans,corn,tomato",Cook slowly for 30 minutes
1813,Recipe 1813,Chinese,"chicken,onion,spices",Boil and mix ingredients
1814,Recipe 1814,American,"beef,potato,carrot",Simmer for 45 minutes
1815,Recipe 1815,Mexican,"pasta,cheese,cream",Stir fry on high heat
1816,Recipe 1816,French,"rice,vegetables,soy sauce",Bake until golden
1817,Recipe 1817,Japanese,"tomato,onion,garlic",Blend and simmer
1818,Recipe 1818,Thai,"fish,lemon,herbs",Cook slowly for 30 minutes
1819,Recipe 1819,Mediterranean,"beans,corn,tomato",Boil and mix ingredients
1820,Recipe 1820,Indian,"chicken,onion,spices",Simmer for 45 minutes
1821,Recipe 1821,Italian,"beef,potato,carrot",Stir fry on high heat
1822,Recipe 1822,British,"pasta,cheese,cream",Bake until golden
1823,Recipe 1823,Chinese,"rice,vegetables,soy sauce",Blend and simmer
1824,Recipe 1824,American,"tomato,onion,garlic",Cook slowly for 30 minutes
1825,Recipe 1825,Mexican,"fish,lemon,herbs",Boil and mix ingredients
1826,Recipe 1826,French,"beans,corn,tomato",Simmer for 45 minutes
1827,Recipe 1827,Japanese,"chicken,onion,spices",Stir fry on high heat
1828,Recipe 1828,Thai,"beef,potato,carrot",Bake until golden
1829,Recipe 1829,Mediterranean,"pasta,cheese,cream",Blend and simmer
1830,Recipe 1830,Indian,"rice,vegetables,soy sauce",Cook slowly for 30 minutes
1831,Recipe 1831,Italian,"tomato,onion,garlic",Boil and mix ingredients
1832,Recipe 1832,British,"fish,lemon,herbs",Simmer for 45 minutes
1833,Recipe 1833,Chinese,"beans,corn,tomato",Stir fry on high heat
1834,Recipe 1834,American,"chicken,onion,spices",Bake until golden
1835,Recipe 1835,Mexican,"beef,potato,carrot",Blend and simmer
1836,Recipe 1836,French,"pasta,cheese,cream",Cook slowly for 30 minutes
1837,Recipe 1837,Japanese,"rice,vegetables,soy sauce",Boil and mix ingredients
1838,Recipe 1838,Thai,"tomato,onion,garlic",Simmer for 45 minutes
1839,Recipe 1839,Mediterranean,"fish,lemon,herbs",Stir fry on high heat
1840,Recipe 1840,Indian,"beans,corn,tomato",Bake until golden
1841,Recipe 1841,Italian,"chicken,onion,spices",Blend and simmer
1842,Recipe 1842,British,"beef,potato,carrot",Cook slowly for 30 minutes
1843,Recipe 1843,Chinese,"pasta,cheese,cream",Boil and mix ingredients
1844,Recipe 1844,American,"rice,vegetables,soy sauce",Simmer for 45 minutes
1845,Recipe 1845,Mexican,"tomato,onion,garlic",Stir fry on high heat
1846,Recipe 1846,French,"fish,lemon,herbs",Bake until golden
1847,Recipe 1847,Japanese,"beans,corn,tomato",Blend and simmer
1848,Recipe 1848,Thai,"chicken,onion,spices",Cook slowly for 30 minutes
1849,Recipe 1849,Mediterranean,"beef,potato,carrot",Boil and mix ingredients
1850,Recipe 1850,Indian,"pasta,cheese,cream",Simmer for 45 minutes
1851,Recipe 1851,Italian,"rice,vegetables,soy sauce",Stir fry on high heat
1852,Recipe 1852,British,"tomato,onion,garlic",Bake until golden
1853,Recipe 1853,Chinese,"fish,lemon,herbs",Blend and simmer
1854,Recipe 1854,American,"beans,corn,tomato",Cook slowly for 30 minutes
1855,Recipe 1855,Mexican,"chicken,onion,spices",Boil and mix ingredients
1856,Recipe 1856,French,"beef,potato,carrot",Simmer for 45 minutes
1857,Recipe 1857,Japanese,"pasta,cheese,cream",Stir fry on high heat
1858,Recipe 1858,Thai,"rice,vegetables,soy sauce",Bake until golden
1859,Recipe 1859,Mediterranean,"tomato,onion,garlic",Blend and simmer
1860,Recipe 1860,Indian,"fish,lemon,herbs",Cook slowly for 30 minutes
1861,Recipe 1861,Italian,"beans,corn,tomato",Boil and mix ingredients
1862,Recipe 1862,British,"chicken,onion,spices",Simmer for 45 minutes
1863,Recipe 1863,Chinese,"beef,potato,carrot",Stir fry on high heat
1864,Recipe 1864,American,"pasta,cheese,cream",Bake until golden
1865,Recipe 1865,Mexican,"rice,vegetables,soy sauce",Blend and simmer
1866,Recipe 1866,French,"tomato,onion,garlic",Cook slowly for 30 minutes
1867,Recipe 1867,Japanese,"fish,lemon,herbs",Boil and mix ingredients
1868,Recipe 1868,Thai,"beans,corn,tomato",Simmer for 45 minutes
1869,Recipe 1869,Mediterranean,"chicken,onion,spices",Stir fry on high heat
1870,Recipe 1870,Indian,"beef,potato,carrot",Bake until golden
1871,Recipe 1871,Italian,"pasta,cheese,cream",Blend and simmer
1872,Recipe 1872,British,"rice,vegetables,soy sauce",Cook slowly for 30 minutes
1873,Recipe 1873,Chinese,"tomato,onion,garlic",Boil and mix ingredients
1874,Recipe 1874,American,"fish,lemon,herbs",Simmer for 45 minutes
1875,Recipe 1875,Mexican,"beans,corn,tomato",Stir fry on high heat
1876,Recipe 1876,French,"chicken,onion,spices",Bake until golden
1877,Recipe 1877,Japanese,"beef,potato,carrot",Blend and simmer
1878,Recipe 1878,Thai,"pasta,cheese,cream",Cook slowly for 30 minutes
1879,Recipe 1879,Mediterranean,"rice,vegetables,soy sauce",Boil and mix ingredients
1880,Recipe 1880,Indian,"tomato,onion,garlic",Simmer for 45 minutes
1881,Recipe 1881,Italian,"fish,lemon,herbs",Stir fry on high heat
1882,Recipe 1882,British,"beans,corn,tomato",Bake until golden
1883,Recipe 1883,Chinese,"chicken,onion,spices",Blend and simmer
1884,Recipe 1884,American,"beef,potato,carrot",Cook slowly for 30 minutes
1885,Recipe 1885,Mexican,"pasta,cheese,cream",Boil and mix ingredients
1886,Recipe 1886,French,"rice,vegetables,soy sauce",Simmer for 45 minutes
1887,Recipe 1887,Japanese,"tomato,onion,garlic",Stir fry on high heat
1888,Recipe 1888,Thai,"fish,lemon,herbs",Bake until golden
1889,Recipe 1889,Mediterranean,"beans,corn,tomato",Blend and simmer
1890,Recipe 1890,Indian,"chicken,onion,spices",Cook slowly for 30 minutes
1891,Recipe 1891,Italian,"beef,potato,carrot",Boil and mix ingredients
1892,Recipe 1892,British,"pasta,cheese,cream",Simmer for 45 minutes
1893,Recipe 1893,Chinese,"rice,vegetables,soy sauce",Stir fry on high heat
1894,Recipe 1894,American,"tomato,onion,garlic",Bake until golden
1895,Recipe 1895,Mexican,"fish,lemon,herbs",Blend and simmer
1896,Recipe 1896,French,"beans,corn,tomato",Cook slowly for 30 minutes
1897,Recipe 1897,Japanese,"chicken,onion,spices",Boil and mix ingredients
1898,Recipe 1898,Thai,"beef,potato,carrot",Simmer for 45 minutes
1899,Recipe 1899,Mediterranean,"pasta,cheese,cream",Stir fry on high heat
1900,Recipe 1900,Indian,"rice,vegetables,soy sauce",Bake until golden
1901,Recipe 1901,Italian,"tomato,onion,garlic",Blend and simmer
1902,Recipe 1902,British,"fish,lemon,herbs",Cook slowly for 30 minutes
1903,Recipe 1903,Chinese,"beans,corn,tomato",Boil and mix ingredients
1904,Recipe 1904,American,"chicken,onion,spices",Simmer for 45 minutes
1905,Recipe 1905,Mexican,"beef,potato,carrot",Stir fry on high heat
1906,Recipe 1906,French,"pasta,cheese,cream",Bake until golden
1907,Recipe 1907,Japanese,"rice,vegetables,soy sauce",Blend and simmer
1908,Recipe 1908,Thai,"tomato,onion,garlic",Cook slowly for 30 minutes
1909,Recipe 1909,Mediterranean,"fish,lemon,herbs",Boil and mix ingredients
1910,Recipe 1910,Indian,"beans,corn,tomato",Simmer for 45 minutes
1911,Recipe 1911,Italian,"chicken,onion,spices",Stir fry on high heat
1912,Recipe 1912,British,"beef,potato,carrot",Bake until golden
1913,Recipe 1913,Chinese,"pasta,cheese,cream",Blend and simmer
1914,Recipe 1914,American,"rice,vegetables,soy sauce",Cook slowly for 30 minutes
1915,Recipe 1915,Mexican,"tomato,onion,garlic",Boil and mix ingredients
1916,Recipe 1916,French,"fish,lemon,herbs",Simmer for 45 minutes
1917,Recipe 1917,Japanese,"beans,corn,tomato",Stir fry on high heat
1918,Recipe 1918,Thai,"chicken,onion,spices",Bake until golden
1919,Recipe 1919,Mediterranean,"beef,potato,carrot",Blend and simmer
1920,Recipe 1920,Indian,"pasta,cheese,cream",Cook slowly for 30 minutes
1921,Recipe 1921,Italian,"rice,vegetables,soy sauce",Boil and mix ingredients
1922,Recipe 1922,British,"tomato,onion,garlic",Simmer for 45 minutes
1923,Recipe 1923,Chinese,"fish,lemon,herbs",Stir fry on high heat
1924,Recipe 1924,American,"beans,corn,tomato",Bake until golden
1925,Recipe 1925,Mexican,"chicken,onion,spices",Blend and simmer
1926,Recipe 1926,French,"beef,potato,carrot",Cook slowly for 30 minutes
1927,Recipe 1927,Japanese,"pasta,cheese,cream",Boil and mix ingredients
1928,Recipe 1928,Thai,"rice,vegetables,soy sauce",Simmer for 45 minutes
1929,Recipe 1929,Mediterranean,"tomato,onion,garlic",Stir fry on high heat
1930,Recipe 1930,Indian,"fish,lemon,herbs",Bake until golden
1931,Recipe 1931,Italian,"beans,corn,tomato",Blend and simmer
1932,Recipe 1932,British,"chicken,onion,spices",Cook slowly for 30 minutes
1933,Recipe 1933,Chinese,"beef,potato,carrot",Boil and mix ingredients
1934,Recipe 1934,American,"pasta,cheese,cream",Simmer for 45 minutes
1935,Recipe 1935,Mexican,"rice,vegetables,soy sauce",Stir fry on high heat
1936,Recipe 1936,French,"tomato,onion,garlic",Bake until golden
1937,Recipe 1937,Japanese,"fish,lemon,herbs",Blend and simmer
1938,Recipe 1938,Thai,"beans,corn,tomato",Cook slowly for 30 minutes
1939,Recipe 1939,Mediterranean,"chicken,onion,spices",Boil and mix ingredients
1940,Recipe 1940,Indian,"beef,potato,carrot",Simmer for 45 minutes
1941,Recipe 1941,Italian,"pasta,cheese,cream",Stir fry on high heat
1942,Recipe 1942,British,"rice,vegetables,soy sauce",Bake until golden
1943,Recipe 1943,Chinese,"tomato,onion,garlic",Blend and simmer
1944,Recipe 1944,American,"fish,lemon,herbs",Cook slowly for 30 minutes
1945,Recipe 1945,Mexican,"beans,corn,tomato",Boil and mix ingredients
1946,Recipe 1946,French,"chicken,onion,spices",Simmer for 45 minutes
1947,Recipe 1947,Japanese,"beef,potato,carrot",Stir fry on high heat
1948,Recipe 1948,Thai,"pasta,cheese,cream",Bake until golden
1949,Recipe 1949,Mediterranean,"rice,vegetables,soy sauce",Blend and simmer
1950,Recipe 1950,Indian,"tomato,onion,garlic",Cook slowly for 30 minutes
1951,Recipe 1951,Italian,"fish,lemon,herbs",Boil and mix ingredients
1952,Recipe 1952,British,"beans,corn,tomato",Simmer for 45 minutes
1953,Recipe 1953,Chinese,"chicken,onion,spices",Stir fry on high heat
1954,Recipe 1954,American,"beef,potato,carrot",Bake until golden
1955,Recipe 1955,Mexican,"pasta,cheese,cream",Blend and simmer
1956,Recipe 1956,French,"rice,vegetables,soy sauce",Cook slowly for 30 minutes
1957,Recipe 1957,Japanese,"tomato,onion,garlic",Boil and mix ingredients
1958,Recipe 1958,Thai,"fish,lemon,herbs",Simmer for 45 minutes
1959,Recipe 1959,Mediterranean,"beans,corn,tomato",Stir fry on high heat
1960,Recipe 1960,Indian,"chicken,onion,spices",Bake until golden
1961,Recipe 1961,Italian,"beef,potato,carrot",Blend and simmer
1962,Recipe 1962,British,"pasta,cheese,cream",Cook slowly for 30 minutes
1963,Recipe 1963,Chinese,"rice,vegetables,soy sauce",Boil and mix ingredients
1964,Recipe 1964,American,"tomato,onion,garlic",Simmer for 45 minutes
1965,Recipe 1965,Mexican,"fish,lemon,herbs",Stir fry on high heat
1966,Recipe 1966,French,"beans,corn,tomato",Bake until golden
1967,Recipe 1967,Japanese,"chicken,onion,spices",Blend and simmer
1968,Recipe 1968,Thai,"beef,potato,carrot",Cook slowly for 30 minutes
1969,Recipe 1969,Mediterranean,"pasta,cheese,cream",Boil and mix ingredients
1970,Recipe 1970,Indian,"rice,vegetables,soy sauce",Simmer for 45 minutes
1971,Recipe 1971,Italian,"tomato,onion,garlic",Stir fry on high heat
1972,Recipe 1972,British,"fish,lemon,herbs",Bake until golden
1973,Recipe 1973,Chinese,"beans,corn,tomato",Blend and simmer
1974,Recipe 1974,American,"chicken,onion,spices",Cook slowly for 30 minutes
1975,Recipe 1975,Mexican,"beef,potato,carrot",Boil and mix ingredients
1976,Recipe 1976,French,"pasta,cheese,cream",Simmer for 45 minutes
1977,Recipe 1977,Japanese,"rice,vegetables,soy sauce",Stir fry on high heat
1978,Recipe 1978,Thai,"tomato,onion,garlic",Bake until golden
1979,Recipe 1979,Mediterranean,"fish,lemon,herbs",Blend and simmer
1980,Recipe 1980,Indian,"beans,corn,tomato",Cook slowly for 30 minutes
1981,Recipe 1981,Italian,"chicken,onion,spices",Boil and mix ingredients
1982,Recipe 1982,British,"beef,potato,carrot",Simmer for 45 minutes
1983,Recipe 1983,Chinese,"pasta,cheese,cream",Stir fry on high heat
1984,Recipe 1984,American,"rice,vegetables,soy sauce",Bake until golden
1985,Recipe 1985,Mexican,"tomato,onion,garlic",Blend and simmer
1986,Recipe 1986,French,"fish,lemon,herbs",Cook slowly for 30 minutes
1987,Recipe 1987,Japanese,"beans,corn,tomato",Boil and mix ingredients
1988,Recipe 1988,Thai,"chicken,onion,spices",Simmer for 45 minutes
1989,Recipe 1989,Mediterranean,"beef,potato,carrot",Stir fry on high heat
1990,Recipe 1990,Indian,"pasta,cheese,cream",Bake until golden
1991,Recipe 1991,Italian,"rice,vegetables,soy sauce",Blend and simmer
1992,Recipe 1992,British,"tomato,onion,garlic",Cook slowly for 30 minutes
1993,Recipe 1993,Chinese,"fish,lemon,herbs",Boil and mix ingredients
1994,Recipe 1994,American,"beans,corn,tomato",Simmer for 45 minutes
1995,Recipe 1995,Mexican,"chicken,onion,spices",Stir fry on high heat
1996,Recipe 1996,French,"beef,potato,carrot",Bake until golden
1997,Recipe 1997,Japanese,"pasta,cheese,cream",Blend and simmer
1998,Recipe 1998,Thai,"rice,vegetables,soy sauce",Cook slowly for 30 minutes
1999,Recipe 1999,Mediterranean,"tomato,onion,garlic",Boil and mix ingredients
2000,Recipe 2000,Indian,"fish,lemon,herbs",Simmer for 45 minutes
